2020ï¼Œæ„Ÿè°¢æœ‰ä½ ã€‚æ„Ÿè°¢ä½ çš„å…³æ³¨ï¼Œæ„Ÿè°¢ä½ çš„è´¡çŒ®ï¼Œæ„Ÿè°¢ä½ çš„é™ªä¼´ã€‚æœ€åä¸€å¤©ç®€å•ä»‹ç»ä¸‹å¦‚ä½•æœç´¢ä¼˜é›… R å¾€æœŸæ¨æ–‡ï¼šè¿›å…¥å…¬ä¼—å·é¡µé¢ï¼Œç‚¹å‡»å³ä¸Šè§’æ”¾å¤§é•œæŒ‰é’®ğŸ”ï¼Œæ„‰å¿«çš„æœç´¢å§ã€‚   æ˜å¹´å†ä¼šï¼,http://mp.weixin.qq.com/s?__biz=MzA5NjAyMzU1OA==&mid=2247487302&idx=1&sn=316c2a05969419d66fa0fb3b78f21ee7&chksm=90b72a2fa7c0a339feccb6997531100e905bf0c74c34dc7bcab61afb8f1b7c80ae5409c057fa#rd
é¢„ç¥æ–°å¹´å¿«ä¹å’¯ï½æœºå™¨èˆæ¥ä¸€æ³¢,http://mp.weixin.qq.com/s?__biz=MzA5NjAyMzU1OA==&mid=2247487301&idx=1&sn=67087b479c9286eafe6f57c68652e8ce&chksm=90b72a2ca7c0a33ab25ea5fad64da784152f150848fb39303f92d7d5717ba6486a9f35d06031#rd
ã€ŒRã€tidyverse ä¸­çš„å…¬å¼å‡½æ•°,http://mp.weixin.qq.com/s?__biz=MzA5NjAyMzU1OA==&mid=2247487299&idx=1&sn=9885eb574eade2a2028be62322618aaf&chksm=90b72a2aa7c0a33c84796e366aae894dc8ad906183b85aca0ba467fcb37372e129c31b6a3c12#rd
ã€ŒWorkshopã€ç¬¬äºŒåä¹æœŸ æ·±åº¦å­¦ä¹ å…¥é—¨,http://mp.weixin.qq.com/s?__biz=MzA5NjAyMzU1OA==&mid=2247487294&idx=1&sn=758a5662274acec97a705801f13c6d86&chksm=90b72a57a7c0a341f0e87a6e5362a85200cd04ef74dddf29a8b6bc209dcafa3c06b0c4158184#rd
æ¬¢è¿ğŸ‘å‚ä¸,http://mp.weixin.qq.com/s?__biz=MzA5NjAyMzU1OA==&mid=2247487197&idx=1&sn=c734c09bea10b2f7b830df9b2f5a1d36&chksm=90b72bb4a7c0a2a2a7739219298eb4284bbc7db44f15d30e0ca48d3f84e4361511139eb5f1d4#rd
ã€ŒRã€Hiplot Xena é•œåƒä¸å®˜æ–¹ç½‘ç«™ä¸‹è½½é€Ÿåº¦æµ‹è¯„,http://mp.weixin.qq.com/s?__biz=MzA5NjAyMzU1OA==&mid=2247487196&idx=1&sn=981a975088d27c1632ee834a56917010&chksm=90b72bb5a7c0a2a36daed9b18b3e91d90d826a1de0e45521807aff67528ada639be5811f0406#rd
å¤§å®¶å¹³å®‰å¤œå¿«ä¹ï¼ŒçŸ¥è¯†æ˜Ÿçƒé€æ³¢ç¦åˆ©,http://mp.weixin.qq.com/s?__biz=MzA5NjAyMzU1OA==&mid=2247487196&idx=2&sn=ec0182c026a34c51594f057291538f94&chksm=90b72bb5a7c0a2a398a70e17b97b92d11d0677ce5ce43d895c808f7610ff29ad26b5725c59b0#rd
Rè¯­è¨€ä»å…¥é—¨åˆ°ç²¾é€šï¼šDay10-Rè¯­è¨€ç»Ÿè®¡å…¥é—¨ä»£ç å¤§å…¨,http://mp.weixin.qq.com/s?__biz=MzA5NjAyMzU1OA==&mid=2247487196&idx=3&sn=ad47768d031ba1eadf423509df506fed&chksm=90b72bb5a7c0a2a37c27b09178e9fc25682b583fdaf698a92f44cbf3c3ff89eecb06b3642902#rd
iBiology |é™¤äº†Bç«™ï¼Œè¿™è¿˜æœ‰ä¸ªä¸“ä¸šçš„ç”Ÿç§‘ç§‘æ™®ç½‘ç«™,http://mp.weixin.qq.com/s?__biz=MzA5NjAyMzU1OA==&mid=2247487196&idx=4&sn=be818861368b8d84af156f38247a1549&chksm=90b72bb5a7c0a2a35cf5eee9056a0d4cf5b68057c601b0dfce2b288a67ea22ea2bdb97af3023#rd
å³å°†çªç ´FFPEé™åˆ¶ï¼Œç©ºé—´è½¬å½•ç»„æœªæ¥ä¹‹è·¯å·²å¼€å¯ï¼Ÿ | å•ç»†èƒä¸“é¢˜,http://mp.weixin.qq.com/s?__biz=MzA5NjAyMzU1OA==&mid=2247487196&idx=5&sn=38284f1ac20715e34eb532c042873444&chksm=90b72bb5a7c0a2a31cd86153d7d40ddd57264a33ca1c7a39ca22b6e30177fe41032a67b97bd5#rd
colaï¼Œä¸€ä¸ªåšconsensus clusteringçš„RåŒ…,http://mp.weixin.qq.com/s?__biz=MzA5NjAyMzU1OA==&mid=2247487180&idx=1&sn=2eb8ce84234b9addb91f132661979c52&chksm=90b72ba5a7c0a2b351b8cd86299dddb0a384bbf3257c647795c57fb6a5d1b155423ec72f0b9b#rd
ã€ŒRã€è§£é” GitHub åŒ…å¿«é€Ÿå®‰è£…æ–°æ–¹å¼,http://mp.weixin.qq.com/s?__biz=MzA5NjAyMzU1OA==&mid=2247487180&idx=2&sn=a6096c1754cb848c1a678667e25f09e3&chksm=90b72ba5a7c0a2b320c2cf5e5ff2597de637c4822257f051888e38be3dde8c4b88a84f6e1333#rd
å¬è¯´ä½ è£…ä¸äº†githubçš„åŒ…ï¼Ÿ,http://mp.weixin.qq.com/s?__biz=MzA5NjAyMzU1OA==&mid=2247487180&idx=3&sn=1d5f8ce089cd0a9f652342c87c932b21&chksm=90b72ba5a7c0a2b35f3c9836586dad7c2d4be3b5d00bb217b20a98d5c595685dca79bc6961d3#rd
ç”¨æˆ·ç¨¿ä»¶ | å¥½å®¶ä¼™ï¼Œåˆ°åº•è°åœ¨ç”¨TBtools?,http://mp.weixin.qq.com/s?__biz=MzA5NjAyMzU1OA==&mid=2247487180&idx=4&sn=c7d7ce042ed7cadc6d133188e7be3b16&chksm=90b72ba5a7c0a2b323e13649aad244813a4e2238323b2689824cc04f014675e53f8c84652841#rd
æ„Ÿæ…¨ Apple çš„å¼ºå¤§,http://mp.weixin.qq.com/s?__biz=MzA5NjAyMzU1OA==&mid=2247487180&idx=5&sn=225d7d1ce905ddef3f0278ea828307b5&chksm=90b72ba5a7c0a2b3b4e46ea1e21aecb8f77a8a5bb4552c6f8673d92648aebe08b87bba111070#rd
ã€ŒRã€ä½¿ç”¨ blogdown æ­å»ºä¸ªäººåšå®¢,http://mp.weixin.qq.com/s?__biz=MzA5NjAyMzU1OA==&mid=2247487176&idx=1&sn=74c66b7d90d69bf41bddd7f1ae495fbe&chksm=90b72ba1a7c0a2b7793b9345ef09efeaff17887d1a2e26ce48f402c00c9d9d8a0443c3a0e956#rd
ç›´æ’­ç¬¬äºŒå¼¹ï¼šï¼ˆä»Šæ™šå…«ç‚¹åŠï¼‰ä½¿ç”¨blogdownæ­å»ºä¸ªäººåšå®¢,http://mp.weixin.qq.com/s?__biz=MzA5NjAyMzU1OA==&mid=2247487162&idx=1&sn=dc70b4c32f4ac69b63944b5484930d60&chksm=90b72bd3a7c0a2c58e4f1e0fa844fa5d87ab284b7cdc029d844a600da66cf7af6aed0c176cfd#rd
ç›´æ’­ç¬¬ä¸€å¼¹ï¼šR å’Œ RStudio åœ¨ Windows ä¸‹çš„å®‰è£…å’Œé…ç½®,http://mp.weixin.qq.com/s?__biz=MzA5NjAyMzU1OA==&mid=2247487156&idx=1&sn=6c86a1eea94578919ccba4da15eec275&chksm=90b72bdda7c0a2cb76c8eb3a6a25280b043a2a7ec81fe056c4d426320810f9d948033416078a#rd
ç»˜åˆ¶åŸºå› ç»„æ°´å¹³çš„çƒ­å›¾,http://mp.weixin.qq.com/s?__biz=MzA5NjAyMzU1OA==&mid=2247486961&idx=1&sn=0e656e001c9d7023d3879d342b6be603&chksm=90b72898a7c0a18e18ea6b7624ca7f3d4fefc5f34628e44e8598eb0dd7eef4d48a51b5fc93e4#rd
ä»pheatmapæ— ç¼è¿ç§»è‡³ComplexHeatmap,http://mp.weixin.qq.com/s?__biz=MzA5NjAyMzU1OA==&mid=2247486961&idx=2&sn=e55841d1685e89c25f7c607f388d8a3e&chksm=90b72898a7c0a18e02f658494715ca35ed3976636c92cd19fc56828646303a1cb3f15b7c9cf8#rd
circlizeä¸­æœ‰è¶£çš„åæ ‡ç³»è½¬æ¢,http://mp.weixin.qq.com/s?__biz=MzA5NjAyMzU1OA==&mid=2247486961&idx=3&sn=95ae5f8b5f9dfe037a0b272967e3d3f3&chksm=90b72898a7c0a18e2b9373bbd612891de7584def9ed42b493400854fce22e833c8a2f2da122d#rd
ã€ŒWorkshopã€ç¬¬äºŒåå…­æœŸ éšæœºæ£®æ—,http://mp.weixin.qq.com/s?__biz=MzA5NjAyMzU1OA==&mid=2247486959&idx=1&sn=f82ae784734a24363891b49e61674e05&chksm=90b72886a7c0a190e3ed3276d2ce6ce88e65d6c450ff8e084d25fe4d9a6d500fb41084e2b540#rd
ã€ŒRã€è§£é” GitHub åŒ…å¿«é€Ÿå®‰è£…æ–°æ–¹å¼,http://mp.weixin.qq.com/s?__biz=MzA5NjAyMzU1OA==&mid=2247486878&idx=1&sn=c9d70a8bd16fcc70214e85164583e60d&chksm=90b728f7a7c0a1e19be586646334a467d90ebf22eac2d3180d225aa910170c063f426bf0aadc#rd
ã€ŒRã€æ— å½±è…¿å¿«ä¸è¿‡ç»„åˆæ‹³ï¼Ÿå‡å€¼è®¡ç®—å“ªå®¶å¼º,http://mp.weixin.qq.com/s?__biz=MzA5NjAyMzU1OA==&mid=2247486867&idx=1&sn=c45acadc507b69451a2fc4917b001d2c&chksm=90b728faa7c0a1ec6994729d30c51d568d7ffd0955564eb22e9eaa9a79f93b35f05632656726#rd
TCGAæ•°æ®å…¥é©»ä¸­å›½ï¼ŸUCSC Xenaé•œåƒç«™æ­å»ºè®°å®å½•,http://mp.weixin.qq.com/s?__biz=MzA5NjAyMzU1OA==&mid=2247486867&idx=2&sn=bd119725606b497f4442a444d46fc018&chksm=90b728faa7c0a1ec4e43c769a9aca3337fc21985f59e326f934474cc603c0feac1e587eaf881#rd
Bookdownä¼˜è´¨å…è´¹ä¹¦ç±åˆ†äº«,http://mp.weixin.qq.com/s?__biz=MzA5NjAyMzU1OA==&mid=2247486867&idx=3&sn=77f339416441969915d69b637a4e0402&chksm=90b728faa7c0a1ec38bf4f3939186382a775fe35c8e73000d44c700a97a67d3926b22fc1b54d#rd
iGMDRï¼šæ¯”GDSCå’ŒCCLEå…¨çš„è‚¿ç˜¤è¯ç‰©æ•°æ®åº“,http://mp.weixin.qq.com/s?__biz=MzA5NjAyMzU1OA==&mid=2247486867&idx=4&sn=6d3310e141c41937237fe4c4c9b9e140&chksm=90b728faa7c0a1ec9fd5bd10d33d088343fb6237ec354b683c1a128b3164648889872f986400#rd
æ¬¢è¿ğŸ‘æ„Ÿå…´è¶£çš„è¯»è€…ç ”ç©¶ä¸‹ï¼Œå‘è¡¨ä½ çš„æµ‹è¯•å’Œè§è§£åˆ°å…¬ä¼—å·ï¼ˆæ— éœ€åŠ å…¥æ˜Ÿçƒï¼Œå…¬ä¼—å·èœå•æœ‰è”ç³»æ–¹å¼ï¼‰ã€‚,http://mp.weixin.qq.com/s?__biz=MzA5NjAyMzU1OA==&mid=2247486855&idx=1&sn=73091e07d662ca2faf092431d284c037&chksm=90b728eea7c0a1f8e911c0251b86181d100352877834a0c9b4b701852bf2f20190a5b7ed3d38#rd
å¥½çš„é¡¹ç›®ç®¡ç†é«˜çš„å¤„ç†å’Œé‡å¤æ•ˆç‡ï¼Œæ¨èé˜…è¯»ä¸‹ã€‚https://bioinformaticsworkbook.org/projectManagement/projectManagement_index,http://mp.weixin.qq.com/s?__biz=MzA5NjAyMzU1OA==&mid=2247486748&idx=1&sn=5a56918f33a0c98798e1cab567908166&chksm=90b72875a7c0a16380bdcf39f31c021e29269f52ecb0282ec13826e0ae07a5bf000a3929d358#rd
RStudio é¢„è§ˆç‰ˆï¼šå¯è§†åŒ– RMarkdown ç¼–è¾‘,http://mp.weixin.qq.com/s?__biz=MzA5NjAyMzU1OA==&mid=2247486747&idx=1&sn=4db07ebcad1bd49ffa5f7c94b965ec1d&chksm=90b72872a7c0a164db6c89ebb3b967c184f6906fbb02df5539b53cd064f95de9cb9183b76226#rd
bs4Dash | Shiny ä»ªè¡¨ç›˜æ¡†æ¶,http://mp.weixin.qq.com/s?__biz=MzA5NjAyMzU1OA==&mid=2247486747&idx=2&sn=25806496ad7fdb2317c7db649b163a55&chksm=90b72872a7c0a1646bea9c9ebcf36bb8be9d92d22a400583cc2dfd85eddbb31ed09952ac2762#rd
R tipsï¼šè°ƒæ•´ggplot2çš„åæ ‡è½´æˆ–legendçš„labelé•¿åº¦,http://mp.weixin.qq.com/s?__biz=MzA5NjAyMzU1OA==&mid=2247486747&idx=3&sn=90b5a2d48081aee2b077dad3d35f7fc5&chksm=90b72872a7c0a164b4b3d91270a2ac3cca9995f647ae0539be7e9fa1413d1a35ab888814381c#rd
ç”Ÿä¿¡çŒ¿çš„Dockerå…¥é—¨è¯¾1,http://mp.weixin.qq.com/s?__biz=MzA5NjAyMzU1OA==&mid=2247486747&idx=4&sn=ebb352612f2092b7fc001be8c386ac1e&chksm=90b72872a7c0a1641a502d3caa9073d8d582476ff2e8e94da7deb0e4973f9c49b97288ca9cc4#rd
åŒåä¸€ï¼Œå½“ç„¶è´­ä¹¦,http://mp.weixin.qq.com/s?__biz=MzA5NjAyMzU1OA==&mid=2247486732&idx=1&sn=cbc385f2b146f9000b145b85690e2ffe&chksm=90b72865a7c0a1734931fe25d51005c703f0105f07b6be47f24ea84574049ee922a6aa77add8#rd
Linux é»‘è¯è§£é‡Šï¼šä»€ä¹ˆæ˜¯ Linux ä¸­çš„ GUIã€CLI å’Œ TUIï¼Ÿ | Linux ä¸­å›½,http://mp.weixin.qq.com/s?__biz=MzA5NjAyMzU1OA==&mid=2247486732&idx=2&sn=687c03e0d12bc6e5d5e841a9427601ce&chksm=90b72865a7c0a1736f48fc14e78fe210cb29f553596548fac657251d09a42ac25e15e4f0180a#rd
æ‰€æœ‰äººï¼ç¬é—´æŒæ¡-æ— é™ä¸ªåˆ—è¡¨çš„-â€˜éŸ¦æ©å›¾â€™ï¼ˆVennï¼‰ç»˜åˆ¶ï¼,http://mp.weixin.qq.com/s?__biz=MzA5NjAyMzU1OA==&mid=2247486732&idx=3&sn=f8afde9b08b072fb71b970677e730068&chksm=90b72865a7c0a17365772f90547cfa58687642f1dc02bdd9c34fcc9a19546a7811ccdffb4519#rd
åŸåˆ› | Gitæäº¤é”™äº†ä¸ç”¨æ…Œï¼Œè¿™ä¸‰æ‹›å¸®ä½ ä¿®æ”¹è®°å½•,http://mp.weixin.qq.com/s?__biz=MzA5NjAyMzU1OA==&mid=2247486732&idx=4&sn=352d805e5aff1bba9608b8b596ab563b&chksm=90b72865a7c0a1737f8fe5a76dacee055f6aba47df45c84434b7c68d2c598818b9b04b544c8a#rd
Shiny åŸºç¡€,http://mp.weixin.qq.com/s?__biz=MzA5NjAyMzU1OA==&mid=2247486727&idx=1&sn=4822f33d6cee5e72d344a7f48c3d98f5&chksm=90b7286ea7c0a1789b11c5586bac799c242290a77eede280ad8c6c584452d2f347231e692bd4#rd
pythonå…¥é—¨-3,http://mp.weixin.qq.com/s?__biz=MzA5NjAyMzU1OA==&mid=2247486727&idx=2&sn=46f593ef09acbfa12c5db17d86150dd4&chksm=90b7286ea7c0a1782ea6c70bf065488f2fee9f0548c5cd68a97d8ee3861bc9bae5a1cac6787d#rd
StatQuestä¸“è¾‘æ±‡æ€»è´´,http://mp.weixin.qq.com/s?__biz=MzA5NjAyMzU1OA==&mid=2247486626&idx=1&sn=f86e50f259a0f901e3de2b2db7bda9c6&chksm=90b729cba7c0a0dd41e1fdb8b6c6d034e6b4176d30e1471179da351e3a38e577aa9944f3a7d8#rd
åŒäº‹ç”¨Pythonç‚’è‚¡èµšäº†3Wï¼Œæˆ‘é…¸äº†ï¼,http://mp.weixin.qq.com/s?__biz=MzA5NjAyMzU1OA==&mid=2247486626&idx=2&sn=7e98b737250125ef1fdd02218f551ad6&chksm=90b729cba7c0a0dda032006e971ad00b5b23934c612de9b152191042068fb99c96e18fb7842a#rd
æƒ³å­¦Rï¼Ÿæƒ³ç³»ç»Ÿå­¦ä¹ Rï¼Ÿä¸å¦¨ä»è¿™é‡Œå¼€å§‹ï¼šhttps://github.com/rstudio/RStartHere,http://mp.weixin.qq.com/s?__biz=MzA5NjAyMzU1OA==&mid=2247486397&idx=1&sn=fbc19260abbf788a6e4563a808d89941&chksm=90b72ed4a7c0a7c2efe0d8402d00bf739de1e9a54981c5970ce34bf344ab740d4ffc4dd5152d#rd
Try GISTIC2 on hiplot https://hiplot.com.cn/advance/gistic2,http://mp.weixin.qq.com/s?__biz=MzA5NjAyMzU1OA==&mid=2247486396&idx=1&sn=4416797579d77509c053c52d57413a21&chksm=90b72ed5a7c0a7c31713c0a9ad5c8414ce9e7af21a4b35294661e291eed4ecb4999ee0827211#rd
ã€ŒWorkshopã€ç¬¬äºŒåä¸€æœŸ SQLç®€ä»‹,http://mp.weixin.qq.com/s?__biz=MzA5NjAyMzU1OA==&mid=2247486395&idx=1&sn=5b906b47b631b45c74d2a56c0130ba5b&chksm=90b72ed2a7c0a7c48ef2c7ac06c6b380244cea3d27fe2c3252ba49d7af032a512ff0677e69c7#rd
è·Ÿç€å¤§ç‰›å­¦æŠ€æœ¯ï¼šè®°ä¸€æ¬¡éš¾å¿˜çš„èšä¼šï¼Œé¦–æ¬¡HiplotæŠ€æœ¯ç ”è®¨ä¼š,http://mp.weixin.qq.com/s?__biz=MzA5NjAyMzU1OA==&mid=2247486395&idx=2&sn=87f9244e68497885302fb317883206e9&chksm=90b72ed2a7c0a7c420f1c313e4d7c3649643272203c01e8e61e33a565e919a6c756931f7f0fd#rd
å¿…çŸ¥å¿…ä¼šï¼è®¡ç®—æœºé‡Œä¸€äº›åŸºæœ¬åˆé‡è¦çš„æ¦‚å¿µ,http://mp.weixin.qq.com/s?__biz=MzA5NjAyMzU1OA==&mid=2247486395&idx=3&sn=36d1aa20fe31d78707862d8282902080&chksm=90b72ed2a7c0a7c459492f7236c118881104937558e514f392776b9d444e3e3fea0a30df726b#rd
å¤šç»„å­¦æ–‡çŒ®ç²¾è¯»15|å…¨é¢ç†è§£è‚¿ç˜¤é©±åŠ¨åŸºå› å’Œçªå˜,http://mp.weixin.qq.com/s?__biz=MzA5NjAyMzU1OA==&mid=2247486395&idx=4&sn=38e53656678a4a9eca5062cdfc4bb6b3&chksm=90b72ed2a7c0a7c46bc882707fe2909a2126217fefaf4b3deecd405d877f2d8cf8bace74c50b#rd
27åˆ†çš„Natureå­åˆŠæ•™ä½ åˆ†æç™Œç»†èƒåŸºå› ç»„é‡æ’,http://mp.weixin.qq.com/s?__biz=MzA5NjAyMzU1OA==&mid=2247486395&idx=5&sn=4aa5d41d5121c9d7c63f5cab1747d919&chksm=90b72ed2a7c0a7c42ee0f34e4ee01dccf53f011967c132995d8775fd4c14bb394ad6a6ff818e#rd
å…è´¹çš„ç”Ÿä¿¡&ç§‘ç ”äº¤æµä¼šï¼Œçº¿ä¸‹äº²æ¥è§¦ã€çº¿ä¸Šé¥ç›¸æœ›ï¼Œå¤§ç‰›äº‘é›†ï¼Œç­‰ä½ æ¥æŠ¥åï¼,http://mp.weixin.qq.com/s?__biz=MzA5NjAyMzU1OA==&mid=2247486388&idx=1&sn=8699ed58247798cb6b13d9ea82018274&chksm=90b72edda7c0a7cb145b824777428094524d69c9d7e823d79dd252d6ca80f046fa0efa6e4b1a#rd
Hiploté¦–æ¬¡çº¿ä¸‹ä¼šè®®ï¼Œå¿«æ¥æŠ¥åï¼,http://mp.weixin.qq.com/s?__biz=MzA5NjAyMzU1OA==&mid=2247486388&idx=2&sn=55c90fca04902b42d9377db295eb07c9&chksm=90b72edda7c0a7cb970b993a74810f6c3d7b26f0aae44ad1daee4c9ab11a9d66ddd2d214ce2f#rd
ã€ŒRã€sigminer å’Œ sigflow ä»‹ç»,http://mp.weixin.qq.com/s?__biz=MzA5NjAyMzU1OA==&mid=2247486386&idx=1&sn=da23ab7ba7992d454a642393dff3adfb&chksm=90b72edba7c0a7cdf9683293dcf52b95950e9728489d16237e7781668206cb869eefc4d8914a#rd
StatQuestä¸“è¾‘æ±‡æ€»è´´,http://mp.weixin.qq.com/s?__biz=MzA5NjAyMzU1OA==&mid=2247486386&idx=2&sn=a56b1c13beca5c5fd055408fe9916f7e&chksm=90b72edba7c0a7cdc06b551e5648f68942c959cc91bbbd67f9eb26089e79c1a6fa9bb440add0#rd
æ€»è¢«å®¡ç¨¿äººæèµ·çš„å¤šé‡å‡è®¾æ£€éªŒæ ¡æ­£æ˜¯ä»€ä¹ˆï¼Ÿ,http://mp.weixin.qq.com/s?__biz=MzA5NjAyMzU1OA==&mid=2247486386&idx=3&sn=40abc272966fba33f025b6a0c8c1bd52&chksm=90b72edba7c0a7cd830a717630d9eaf00d87f5a3d7a5a4b1c410aef0526ff4360b6b3a389fdc#rd
Rè¯­è¨€å¯è§†åŒ–ï¼ˆäºŒåä¸ƒï¼‰ï¼šåºåˆ—logoå›¾ç»˜åˆ¶,http://mp.weixin.qq.com/s?__biz=MzA5NjAyMzU1OA==&mid=2247486386&idx=4&sn=1d2a5f4f5d0f8f17d49b96ad1039352d&chksm=90b72edba7c0a7cda51c77292cc6eff5f30a49e752428596d229d0af4920861eb0725ee1d6d3#rd
å…³äºè½å®ã€Œç†Šè¨€ç†Šè¯­ã€æ›´å¥½å‘å±•çš„é€šçŸ¥,http://mp.weixin.qq.com/s?__biz=MzA5NjAyMzU1OA==&mid=2247486386&idx=5&sn=b865fe1cc97260ac976314b5c323349e&chksm=90b72edba7c0a7cda41ef1ecbb05ef63ea6c47a8eb9ba7e2bb43832936ec475dcfbc3127e251#rd
æœç´¢Scihubï¼Œæ²¡é—®é¢˜

https://github.com/ShixiangWang/r-search-extension,http://mp.weixin.qq.com/s?__biz=MzA5NjAyMzU1OA==&mid=2247486194&idx=1&sn=9b0204199a7fb0765b9a81bb3b169203&chksm=90b72f9ba7c0a68d95ee298da2b80f1d870a64d12e88257a995ad2adb0c65eda50f852859c2c#rd
ã€ŒRã€ä¸€ä¸ªå‡½æ•°è·å– TCGA/CCLE å•åŸºå› åˆ†å­æ•°æ®,http://mp.weixin.qq.com/s?__biz=MzA5NjAyMzU1OA==&mid=2247486191&idx=1&sn=61225ad1aad4d4560da952d21e6b8ca0&chksm=90b72f86a7c0a690e88dbb262caf9179599f456937abe6d2f179cce4440f66239f35f6f0a02b#rd
ã€ŒRã€ä½¿ç”¨ ggplot2 è¿›è¡Œæ›²çº¿æ‹Ÿåˆ,http://mp.weixin.qq.com/s?__biz=MzA5NjAyMzU1OA==&mid=2247486170&idx=1&sn=ce919d1db475a0e44b2865bcdf833237&chksm=90b72fb3a7c0a6a5965b39a2ede9c154c7468f76d768a6f52ede06b4248574f0d01cb927eb19#rd
ä¸»æˆåˆ†åˆ†æ(PCA)åŸç†ç²¾è®²,http://mp.weixin.qq.com/s?__biz=MzA5NjAyMzU1OA==&mid=2247486170&idx=2&sn=bc5ac801a10a8b9f2f0fa7208354de50&chksm=90b72fb3a7c0a6a566f6857aa2c2e98c7789038ea4da0eccd3576b1ec937fc37c743a2d69d1d#rd
å…³äºPCAçš„å»ºè®®,http://mp.weixin.qq.com/s?__biz=MzA5NjAyMzU1OA==&mid=2247486170&idx=3&sn=4a544e8d23d44495b4cc0273ba053fb2&chksm=90b72fb3a7c0a6a5f0ab62ed965d292695336f5224d8ae950a4aa9df4375ce8206a4c5994b63#rd
å°ç™½å­¦PyTorch | 14 tensorboardXå¯è§†åŒ–æ•™ç¨‹,http://mp.weixin.qq.com/s?__biz=MzA5NjAyMzU1OA==&mid=2247486170&idx=4&sn=28b8e9c12fa8d21891d6901ffa725970&chksm=90b72fb3a7c0a6a549a5d5164d9d116221ee0262afb31fa67bc4f46d3093c5435fb67fa65971#rd
ç»è¿‡å¼€å‘å›¢é˜Ÿçš„çƒ­çƒˆè®¨è®ºï¼Œä¸ºäº†åŠ å¿« Hiplot ç§‘ç ”å¯è§†åŒ–å¹³å°çš„æ¨å¹¿å’Œåº”ç”¨ï¼Œå¹¶å°½æ—©å»ºç«‹ä¸€ä¸ªè¾ƒå¤§è§„æ¨¡çš„ç”¨æˆ·ç¤¾åŒºï¼ŒåŒæ—¶å¸çº³æ›´å¤šä¼˜ç§€å°ä¼™ä¼´åŠ å…¥åˆ° Hiplot å¼€å‘å›¢é˜Ÿå’Œæˆé•¿è®¡åˆ’ä¸­ã€‚ç‰¹æ­¤å†³å®šï¼šä»å³æ—¥èµ·ï¼ŒHiplot ç½‘ç«™å°†å¼€æ”¾å…è´¹æ³¨å†Œï¼Œä¸å†éœ€è¦é‚€è¯·ç ï¼Œå°ä¼™ä¼´ä»¬è¿˜åœ¨ç­‰ä»€ä¹ˆï¼

æ³¨å†Œç½‘å€ï¼š

https://hiplot.com.cn/signup

åŠ å…¥ç”¨æˆ·äº¤æµç¤¾åŒº

Hiplot å¯è§†åŒ–å¹³å°ç”¨æˆ·å¾®ä¿¡ç¾¤ï¼Œæ·»åŠ å¾®ä¿¡ baiou187 åŠ å…¥
Join the Hiplot Discord Server! Discord ç”¨æˆ·ç¤¾åŒº
çŸ¥ä¹ç¤¾åŒºè¿›è¡Œäº¤æµï¼ˆå¯ä»¥æ·»åŠ  Hiplot è¯é¢˜æ ‡ç­¾ï¼‰,http://mp.weixin.qq.com/s?__biz=MzA5NjAyMzU1OA==&mid=2247486148&idx=1&sn=81649becde50db6bf9faa9fa495db2e7&chksm=90b72fada7c0a6bbb77c43b4625ec3bb65eff5ed230637f6a5f9b79bdbc458b18911ac25a0a2#rd
ã€ŒWorkshopã€ç¬¬åå…«æœŸ RåŒ…å¼€å‘ç®€ä»‹,http://mp.weixin.qq.com/s?__biz=MzA5NjAyMzU1OA==&mid=2247486147&idx=1&sn=2b37a566878885324efab54023071dde&chksm=90b72faaa7c0a6bc8d4bb35d339cc7fdcc5520894724f3a18ecb2ad7149425e45c300ec76afd#rd
Nat Genetics è§‚ç‚¹ | è‚¿ç˜¤ç”Ÿæ€ä¸è¿›åŒ–åŠ¨åŠ›å­¦æ¨¡å¼â€”â€”æŒæ§è‚¿ç˜¤æ²»ç–—çš„æ—¶æœºæ€§,http://mp.weixin.qq.com/s?__biz=MzA5NjAyMzU1OA==&mid=2247486147&idx=2&sn=fb6cad4a1fb5255432c0725bd0e1cafe&chksm=90b72faaa7c0a6bc814064f7c74c444a84f16da830c8e85f6e9ebaf4a4987d6261e83458c78a#rd
ä»€ä¹ˆæ˜¯è‚¿ç˜¤çš„å…‹éš†è¿›åŒ–ï¼ˆç¬¬ä¸€è®²ï¼‰ï¼Ÿ|è‚¿ç˜¤å…¨å¤–ä¸“é¢˜,http://mp.weixin.qq.com/s?__biz=MzA5NjAyMzU1OA==&mid=2247486147&idx=3&sn=3b65822b30d58d5da8b9a2d1fccce642&chksm=90b72faaa7c0a6bc51ae9909182cb42ca10f6343ff4edaa9a978fc12c8c0c1a367c98c396720#rd
ã€ŒRã€ROCä¸‰å‰‘å®¢ï¼ˆä¸€ï¼‰ä½¿ç”¨Rè¯­è¨€æ‰‹æ’•ROCæ›²çº¿,http://mp.weixin.qq.com/s?__biz=MzA5NjAyMzU1OA==&mid=2247485968&idx=1&sn=2763b43812ecca599a09ab1c90682df7&chksm=90b72f79a7c0a66f0b56aa955ce76f00c44a8e3b179b1720a8705797962fc261aa65cdd5d74f#rd
æ ¸é…¸æ£€æµ‹å¦‚ä½•é«˜æ•ˆç­›æŸ¥æ–°å† è‚ºç‚ä¸¨å›å½¢é’ˆ,http://mp.weixin.qq.com/s?__biz=MzA5NjAyMzU1OA==&mid=2247485968&idx=2&sn=bbe3b476321ce6efaa7452b143b332b9&chksm=90b72f79a7c0a66f608178c922ec51556bf032080489355f7e9c4a1462b558c86eb6c25b87f9#rd
æ”¶è—|å…ç–«æµ¸æ¶¦åˆ†ææ–¹æ³•å¤§å…¨,http://mp.weixin.qq.com/s?__biz=MzA5NjAyMzU1OA==&mid=2247485968&idx=3&sn=dd3dcacc63295c01dda453f8f3de6db3&chksm=90b72f79a7c0a66f5fa1aeb5e7beeb1e5bb853133ffc7eebebd32d531db94a673a5a99702b21#rd
åˆ·æ–°è®¤çŸ¥ï¼åŸºå› è¡¨è¾¾ï¼Œç”·å¥³æœ‰åˆ«ï½œScienceã€Cellç­‰å‘å¸ƒ15ç¯‡äººç±»é—ä¼ è°ƒæ§æ–°æˆæœ,http://mp.weixin.qq.com/s?__biz=MzA5NjAyMzU1OA==&mid=2247485968&idx=4&sn=7071ff03bf63aa31638145e4809200b8&chksm=90b72f79a7c0a66fe35690581275a2060b609cf37311897851a0b2bb1694aa79dc942e1aee0a#rd
ã€ä¸‡å­—é•¿æ–‡ã€‘ä»å•ç»†èƒåˆ°ç©ºé—´è½¬å½•ç»„ï¼Œç”Ÿç‰©åŒ»å­¦è¿›å…¥æ–°æ—¶ä»£,http://mp.weixin.qq.com/s?__biz=MzA5NjAyMzU1OA==&mid=2247485968&idx=5&sn=4f33b47ba198272c1a8aaccf40fa6a69&chksm=90b72f79a7c0a66fee6fee267adc31c70b1fd8ee76c222f7fb7a530cbe76f67e6e654063f7ee#rd
12åˆ†çš„NCå‡ºæ–°RåŒ…æ•™ä½ é€šè·¯åˆ†ææ–°èŠ±æ ·ï¼,http://mp.weixin.qq.com/s?__biz=MzA5NjAyMzU1OA==&mid=2247485968&idx=6&sn=20d10751de7d898055e87eb14a8eb24c&chksm=90b72f79a7c0a66f2368753902dadb54ecab9cb9728703b7cc70ada0b643254f30f7d3357d93#rd
ã€ŒRã€ä» R åˆ° Rcpp,http://mp.weixin.qq.com/s?__biz=MzA5NjAyMzU1OA==&mid=2247485966&idx=1&sn=f4744bd2711d240cd052301d7cbc0e74&chksm=90b72f67a7c0a6714bf60f7eef62923ae6940c45a310150571f931aef3ceb715b6439fec0281#rd
å¯åˆ«å†è¯´base plotä¸èƒ½å›¾å½¢è¯­æ³•ï¼,http://mp.weixin.qq.com/s?__biz=MzA5NjAyMzU1OA==&mid=2247485966&idx=2&sn=cef6f4c7957adb4e1927fb71152e9b96&chksm=90b72f67a7c0a671fa66b9096a931269238e3ee9371002926104e5cc72bad0e34c5b743f8f25#rd
ROCå’ŒAUC,http://mp.weixin.qq.com/s?__biz=MzA5NjAyMzU1OA==&mid=2247485966&idx=3&sn=7eaa1664ca39ea66c9899d74e6a9f01e&chksm=90b72f67a7c0a67137fdac1a55f01800600c7f4a122f7c11a3917f107c8e5ee09b012388ab73#rd
é¦–ä¸ªå¼€æºç»˜å›¾å¹³å°-Hiplotï¼šæ›´æ–°å‘¨æŠ¥ï¼ˆ2020/08/31-2020/09/06ï¼‰,http://mp.weixin.qq.com/s?__biz=MzA5NjAyMzU1OA==&mid=2247485966&idx=4&sn=a02b53919a2ac1a0f28f63461feb9f3a&chksm=90b72f67a7c0a67174ea83713226e8e3f84fb0367da8411672dc90c466564da549c406f66464#rd
äº¤å‰éªŒè¯æ³•(â€‹cross validation),http://mp.weixin.qq.com/s?__biz=MzA5NjAyMzU1OA==&mid=2247485966&idx=5&sn=6f38db215763523aebec4517d57132d5&chksm=90b72f67a7c0a6719993845c46fba9d66080621e99197406df1cb77b5b70dec2f7a90da3e83b#rd
åŸåˆ› | æ·±åº¦å­¦ä¹ æ¡†æ¶æ¯”è¾ƒï¼Œæˆ‘è¯¥é€‰æ‹©å“ªä¸€ä¸ªï¼Ÿ,http://mp.weixin.qq.com/s?__biz=MzA5NjAyMzU1OA==&mid=2247485966&idx=6&sn=7263db0aa08ef26b1647a597a53657a9&chksm=90b72f67a7c0a6718618d34dd08f10574e542a15f5f6e3b767303af509c2ba04b4e79f101c55#rd
https://github.com/ShixiangWang/r-search-extension æäº†ä¸€æ™šä¸Šï¼Œæ–°é²œå‡ºç‚‰çš„æµè§ˆå™¨Ræœç´¢æ’ä»¶ï¼Œç‚¹ä¸ªstarå§ï¼,http://mp.weixin.qq.com/s?__biz=MzA5NjAyMzU1OA==&mid=2247485956&idx=1&sn=b9a4304937b6a89ec9d293ad99ab8a4a&chksm=90b72f6da7c0a67bac23af93dd329c23dc71ddca1fe82e7adb94fcfb3d45a91ca112621d3e9c#rd
ã€ŒWorkshopã€ç¬¬åå…­æœŸï¼šPandas ä½¿ç”¨ä»‹ç»,http://mp.weixin.qq.com/s?__biz=MzA5NjAyMzU1OA==&mid=2247485955&idx=1&sn=0b6452883331f5f16335be573f074e94&chksm=90b72f6aa7c0a67c5dc698def99b4042be530dd012b14c69183edfd9a89c81295ef225b73873#rd
äº¤å‰éªŒè¯æ³•(â€‹cross validation),http://mp.weixin.qq.com/s?__biz=MzA5NjAyMzU1OA==&mid=2247485955&idx=2&sn=baa02fed8e0fca7556d29cdfc05a5fa1&chksm=90b72f6aa7c0a67cdc9ce10c035955012f16681b12bf8954977d166409fee1ad54bed4c753b6#rd
æˆ‘ä»¬è·ç¦»å®Œæ•´çš„äººç±»åŸºå› ç»„è¿˜æœ‰å¤šè¿œï¼Ÿä¸€æ­¥ä¹‹é¥ï¼Ÿ,http://mp.weixin.qq.com/s?__biz=MzA5NjAyMzU1OA==&mid=2247485955&idx=3&sn=2a4b91fcf1018372d1adf8e38861b935&chksm=90b72f6aa7c0a67c3d30c6a89f69e1d26b8bc5454a423be64afe7fc7846d628e49cfdcb2dfd8#rd
Cancer Cellè§‚ç‚¹ | å…ç–«æ£€æŸ¥ç‚¹æŠ‘åˆ¶å‰‚ä¸´åºŠåº”ç”¨æ‰€é¢ä¸´çš„æŒ‘æˆ˜,http://mp.weixin.qq.com/s?__biz=MzA5NjAyMzU1OA==&mid=2247485955&idx=4&sn=50f198a2cb0375d7baeab9471371c1f9&chksm=90b72f6aa7c0a67c9df87be872c8f8d4ba6b22bc3c95bbf50e786ba30c9bf9a3b06351364970#rd
æ˜¨å¤©åˆ†äº«çš„å›¾å¯ä»¥åœ¨hiplotä¸Šæ— ä»£ç ä½¿ç”¨äº† https://hiplot.com.cn/basic/grdotplot,http://mp.weixin.qq.com/s?__biz=MzA5NjAyMzU1OA==&mid=2247485921&idx=1&sn=22691312361049d3de42d3f88bb06dc3&chksm=90b72c88a7c0a59efcf271aa68e2c5f40aa256ff2971427e5feec5dee9876f54bd8aabdc3390#rd
ã€ŒWorkshopã€ç¬¬åäºŒæœŸï¼šåŸºå› å¯Œé›†åˆ†æ,http://mp.weixin.qq.com/s?__biz=MzA5NjAyMzU1OA==&mid=2247485634&idx=1&sn=0c83d87deeff05a2a089998c9fedefa3&chksm=90b72daba7c0a4bdc54875dc8f1790cb92596f4e6fee8d09ead9c771d0230c50a77abf31fb97#rd
å•å°¾è¿˜æ˜¯åŒå°¾æ£€éªŒï¼Ÿ,http://mp.weixin.qq.com/s?__biz=MzA5NjAyMzU1OA==&mid=2247485634&idx=2&sn=b3b50b968efdc8d8f83814e79363608e&chksm=90b72daba7c0a4bd9ff502ff808faf9fbec09ad400986e789c849dcc015f7cc629d0606a440e#rd
Nat Commï¼šå¦‚ä½•æ¨æ–­ç»“æ„å˜å¼‚ç™Œç»†èƒåˆ†æ•°,http://mp.weixin.qq.com/s?__biz=MzA5NjAyMzU1OA==&mid=2247485634&idx=3&sn=434b838d73eccf1166ce817fad443c5e&chksm=90b72daba7c0a4bde04085a8a1e3fa87363fc5cd903e9e475e33433d429e55d820eeb6c87e8e#rd
åœ¨ubuntu20ä¸Šé¢å®‰è£…R4,http://mp.weixin.qq.com/s?__biz=MzA5NjAyMzU1OA==&mid=2247485634&idx=4&sn=147d197e3ef8ea8ded27ac82e54d4797&chksm=90b72daba7c0a4bd3ca0379ad80cd79382a708a906f0785f0f163b41e7aa3c8540143176164b#rd
è·Ÿç€å®˜æ–¹æ–‡æ¡£æ¥çœ‹çœ‹GRangesè¿™ä¸ªå¯¹è±¡,http://mp.weixin.qq.com/s?__biz=MzA5NjAyMzU1OA==&mid=2247485634&idx=5&sn=24836c7178398d08a0933e21fdad5ba6&chksm=90b72daba7c0a4bdd28e03d2c8773884a901b332647f6d8fd7363a449a4bc8f6c2921b5bb93e#rd
ã€ŒDockerã€ä½¿ç”¨ Docker run è¦†ç›– ENTRYPOINT,http://mp.weixin.qq.com/s?__biz=MzA5NjAyMzU1OA==&mid=2247485600&idx=1&sn=29162e6ce88bd42c66bd61f853fb2f98&chksm=90b72dc9a7c0a4df29fc8ea8fd8b8bf3015a05024006ebbb8b235eff1ae59249c903f7dd1ffe#rd
ç½®ä¿¡åŒºé—´ä¸på€¼çš„è®¡ç®—,http://mp.weixin.qq.com/s?__biz=MzA5NjAyMzU1OA==&mid=2247485600&idx=2&sn=20d046a43f0e16382be51ad598f9bd57&chksm=90b72dc9a7c0a4dfae9d48fabf7f9ad1154f2c69eba4bbf3f138a6b218d07be2a69de48d747c#rd
åæ–¹å·®ï¼ˆcovarianceï¼‰ä¸ç›¸å…³ç³»æ•°ï¼ˆ1ï¼‰,http://mp.weixin.qq.com/s?__biz=MzA5NjAyMzU1OA==&mid=2247485600&idx=3&sn=78760f02d305fe6fb63dd131e39697ff&chksm=90b72dc9a7c0a4df2e900a1f5b7b2659d9980af881f8eddc2791ac2aa11d97c06a8b8ff77c6a#rd
åæ–¹å·®ï¼ˆcovarianceï¼‰ä¸ç›¸å…³ç³»æ•°ï¼ˆ2ï¼‰,http://mp.weixin.qq.com/s?__biz=MzA5NjAyMzU1OA==&mid=2247485600&idx=4&sn=90e281ef5d3c1009681bb144bc4dc702&chksm=90b72dc9a7c0a4df7d70ad272eb1bb01eb79d19c267b0a2b23c20c1dd93ed9740864097cc519#rd
GitHubè¦æ”¹é»˜è®¤åˆ†æ”¯åäº†ï¼Œä½ çš„å¼€æºé¡¹ç›®å—å½±å“äº†å—ï¼Ÿ,http://mp.weixin.qq.com/s?__biz=MzA5NjAyMzU1OA==&mid=2247485600&idx=5&sn=4e5ed039d78ec7b8bea7f76955440bb5&chksm=90b72dc9a7c0a4df84853d17a34352aa455a531b7bf97d40f4957c6caa6fb4207dff587ad1d0#rd
å¬è¯´æœ‰ä¸ªå…¬ä¼—å·èƒ½æŸ¥åŸºå› ä¿¡æ¯ï¼Ÿæˆ‘åŠä¿¡åŠç–‘åœ°è¯•äº†ä¸€ä¸‹åˆï¼,http://mp.weixin.qq.com/s?__biz=MzA5NjAyMzU1OA==&mid=2247485600&idx=6&sn=9b5f1eaffdbf3873a9121afa9499fd7c&chksm=90b72dc9a7c0a4dfb4dc943ae34dc168ee291b03745048c4be6a02d9cc29403d1524c2304f49#rd
æœ‰æ•ˆè¯»æ–‡çŒ®çš„åå¤§ç®€å•è§„åˆ™,http://mp.weixin.qq.com/s?__biz=MzA5NjAyMzU1OA==&mid=2247485600&idx=7&sn=d9b6202f30d729322f85e091d64f4726&chksm=90b72dc9a7c0a4df0cfc17bf019fe4712985f5d2f617bce7ac7e6367add6280f605e6f5b3443#rd
è¢«é—®çš„æœ€å¤šçš„åŒ…å½“ç„¶æ˜¯æœ€é‡è¦çš„ã€‚,http://mp.weixin.qq.com/s?__biz=MzA5NjAyMzU1OA==&mid=2247485589&idx=1&sn=c19b838bacd4c086c3e27b9c4cda07ec&chksm=90b72dfca7c0a4eaab772d8e7ca7377046dbce212df2e56b813c3d10a79108ad9e233f85f274#rd
ã€ŒWorkshopã€ç¬¬åä¸€æœŸï¼šé™ç»´,http://mp.weixin.qq.com/s?__biz=MzA5NjAyMzU1OA==&mid=2247485588&idx=1&sn=d3d431cc403cc14cb245d63452c7c4d4&chksm=90b72dfda7c0a4eb520139684d301d9891fe8b3a52a503b5a922745493fe685c8c1f5a08db0e#rd
R4.0çš„æºç å®‰è£…â€”â€”ä»¥macä¸ºä¾‹,http://mp.weixin.qq.com/s?__biz=MzA5NjAyMzU1OA==&mid=2247485588&idx=2&sn=ffde5ef8730340fbaa11c8be44ae98ea&chksm=90b72dfda7c0a4eb5619730aed7e2aee1d897c3440f3913dbbd631416f52093b70f1ebf24c3e#rd
å°ç™½å­¦æ’åº | åå¤§ç»å…¸æ’åºç®—æ³•ï¼ˆåŠ¨å›¾ï¼‰,http://mp.weixin.qq.com/s?__biz=MzA5NjAyMzU1OA==&mid=2247485588&idx=3&sn=b7a491eca5c26c59e6640d1aec3a6743&chksm=90b72dfda7c0a4eb2db597df609f6f084c0b8b156364275cf7367cb1d3324b909108f7aa25c6#rd
ä»åˆ†å¸ƒä¸­æŠ½æ ·,http://mp.weixin.qq.com/s?__biz=MzA5NjAyMzU1OA==&mid=2247485588&idx=4&sn=931e8688af305ba4bab31dbd8572f651&chksm=90b72dfda7c0a4ebdd07beb7c2c440aedaf7f367fb750ad6a4072b7f7d8739108cc0f5989e2f#rd
å¤šåŸºå› é£é™©è¯„åˆ†ï¼ˆPRSï¼‰åˆ†ææ•™ç¨‹,http://mp.weixin.qq.com/s?__biz=MzA5NjAyMzU1OA==&mid=2247485588&idx=5&sn=c86394dc9e33a5586fdd83f708c0a0ec&chksm=90b72dfda7c0a4ebb0b2b543b54751a2f1fd8229d785eb244d221f6df3a2a27bf358831a0fc3#rd
è¿™ç¯‡å‘åœ¨Natureä¸Šçš„æ³›ç™ŒRNA alterationsèƒ½ç»™æˆ‘ä»¬å¸¦æ¥å“ªäº›æ€è€ƒï¼Ÿ,http://mp.weixin.qq.com/s?__biz=MzA5NjAyMzU1OA==&mid=2247485588&idx=6&sn=75f80a1e193503d942bac901a61ec0ed&chksm=90b72dfda7c0a4eb79c5f6802f30191cb7a9421c52be18c96f08112c410d2be4da4fcfc4aa22#rd
ã€ŒRã€R Docker æ•™ç¨‹ï¼ˆç»­ï¼‰,http://mp.weixin.qq.com/s?__biz=MzA5NjAyMzU1OA==&mid=2247485537&idx=1&sn=9143efb3cc8c7c954d80f835af22c5e8&chksm=90b72d08a7c0a41eaac7de5a01f69057c70ccd9fab74ab4ff93be024db066dfe0188b3ea88f7#rd
ã€ŒRã€R Docker æ•™ç¨‹,http://mp.weixin.qq.com/s?__biz=MzA5NjAyMzU1OA==&mid=2247485537&idx=2&sn=c9614f150b4910fd3d3d05291bfe2788&chksm=90b72d08a7c0a41e4ce4905936f6f528299a464220412eda1ef69e7e4edd3a5bba1961902960#rd
ã€ŒRã€è¿æ¥ä¸¤ä¸ªæ•°æ®é›†çš„å„ç§ join,http://mp.weixin.qq.com/s?__biz=MzA5NjAyMzU1OA==&mid=2247485537&idx=3&sn=a5195bd6f4dddeba87cea8362027e024&chksm=90b72d08a7c0a41e0ab94be7504ddede30aeea01df4947c951ec11d0cde6368ff1247889994d#rd
æœˆåº¦æ€»ç»“ | ç¦åˆ©é¢ç» | æœºå™¨å­¦ä¹  å…±20é¢˜ï¼ˆé™„ç­”æ¡ˆï¼‰,http://mp.weixin.qq.com/s?__biz=MzA5NjAyMzU1OA==&mid=2247485537&idx=4&sn=28868f14e6f5bbafd4ef394cff72affc&chksm=90b72d08a7c0a41e8a0d591e9167be3f7657cbf99431769a334f8fcbf17e61fbd82573623c83#rd
ã€ŒWorkshopã€ç¬¬å››æœŸï¼šTidyverse å®æˆ˜æ‰¹é‡å»ºæ¨¡å¯è§†åŒ–,http://mp.weixin.qq.com/s?__biz=MzA5NjAyMzU1OA==&mid=2247485014&idx=1&sn=91e9d3784b6256a5797fb1e47359ee64&chksm=90b7233fa7c0aa29f5907999c3020f2030754159b00f3c85a749e373d16d0fc8e7589f4c3a75#rd
æ•°æ®ç§‘å­¦24 | å›å½’æ¨¡å‹-åŸºæœ¬æ¦‚å¿µä¸æœ€å°äºŒä¹˜æ³•,http://mp.weixin.qq.com/s?__biz=MzA5NjAyMzU1OA==&mid=2247485014&idx=2&sn=b2499227c703d4a20c96e1397871a4f0&chksm=90b7233fa7c0aa29ea6d0e32a8c2b3408f03943591418158bf7f0a4b8e65b3956599f7c8ffde#rd
é€šè¿‡Aggregated boosted treeï¼ˆABTï¼‰è¯„ä¼°è§£é‡Šå˜é‡çš„é‡è¦æ€§,http://mp.weixin.qq.com/s?__biz=MzA5NjAyMzU1OA==&mid=2247485014&idx=3&sn=5b42186acc7c3eb15e334f834d9da8f9&chksm=90b7233fa7c0aa291ea4f6a2b7de2e28f21bb7dc2da192d419ccf72d97d7b15d9bbcdd8b00e4#rd
æ¯å‘¨æ–‡çŒ®åˆ†äº«ç¬¬ä¸€å­£å®Œç»“æ’’èŠ±æš¨ç¬¬65æœŸåˆ†äº«,http://mp.weixin.qq.com/s?__biz=MzA5NjAyMzU1OA==&mid=2247485014&idx=4&sn=70ce5133c91ca0e301546db2c44939ca&chksm=90b7233fa7c0aa290be9828d9d91b507c57eff2a71feb5b3b21615164f1e41dc8b45259971e4#rd
å¤©ç©ºä¸ºä»€ä¹ˆæ˜¯è“çš„ï¼Ÿæœé˜³å’Œå¤•é˜³ä¸ºä»€ä¹ˆæ˜¯çº¢è‰²çš„ï¼Ÿ,http://mp.weixin.qq.com/s?__biz=MzA5NjAyMzU1OA==&mid=2247485014&idx=5&sn=1bf365eb8bf529692723721bdfe833b4&chksm=90b7233fa7c0aa292920a03655ffa7c62ceef71a625fd585febdbd7adafefac72373d103aef4#rd
ã€ŒRã€Rçš„å†…éƒ¨æœºåˆ¶,http://mp.weixin.qq.com/s?__biz=MzA5NjAyMzU1OA==&mid=2247485010&idx=1&sn=48611656aa5b9f88bb23554c97b6c5c9&chksm=90b7233ba7c0aa2d39bd69df6cd559a90d45bd9333deb1015755018b8f037d77345df705d839#rd
ã€ŒRã€Ræ£€éªŒä¸­çš„â€œæ•°æ®æ˜¯æ†é‡â€é—®é¢˜,http://mp.weixin.qq.com/s?__biz=MzA5NjAyMzU1OA==&mid=2247485010&idx=2&sn=98618cd84fb3fde17b437bdac1ba7fd4&chksm=90b7233ba7c0aa2d23a867607c81a2db9abc10ecf5099243e0151180d9a761af91870e573300#rd
https://b23.tv/a7NLsU åäº”åˆ†é’Ÿå·¦å³çš„bç«™è§†é¢‘ï¼Œç®€å•ä»‹ç»å’Œæ¨¡æ‹ŸGitHub å¤šäººåä½œä»£ç æäº¤ä¸å†²çªè§£å†³ æœ‰å…´è¶£å¯ä»¥çœ‹çœ‹,http://mp.weixin.qq.com/s?__biz=MzA5NjAyMzU1OA==&mid=2247484943&idx=1&sn=00c6e24d1c15eed83d968ff8deaab31f&chksm=90b72366a7c0aa70e01f628695b71641d90f7cced662f964a141890d1540373b1748f332c556#rd
https://github.com/matloff/R-vs.-Python-for-Data-Science è§è¿‡çš„æœ€ä¸“ä¸šçš„Rå’ŒPythonæ•°æ®åˆ†æå¯¹æ¯”ã€‚,http://mp.weixin.qq.com/s?__biz=MzA5NjAyMzU1OA==&mid=2247484942&idx=1&sn=382c2ecdd6fcd402e61674340c9fbca5&chksm=90b72367a7c0aa713afe7bb166af2014a0d32471038a5caf482eb000e7b4f986422294add107#rd
ã€ŒRã€åˆ†æä¹‹å‰çš„æ•°æ®å‡†å¤‡,http://mp.weixin.qq.com/s?__biz=MzA5NjAyMzU1OA==&mid=2247484941&idx=1&sn=32f979e0b2c3056c2f58867c41208388&chksm=90b72364a7c0aa725e8f24bfd118d8b89da42fe32cc6abe068c6228fc864b64d1a59170a04f4#rd
ã€ŒRã€ä½¿ç”¨reshape2åŒ…,http://mp.weixin.qq.com/s?__biz=MzA5NjAyMzU1OA==&mid=2247484941&idx=2&sn=ddd703376fd795cbe24c70532dccbfed&chksm=90b72364a7c0aa723530a747708e081c0b50fcb7f0a81b18b3d64a46c61b79512f1f2b456519#rd
æ•°æ®ç§‘å­¦23 | ç»Ÿè®¡æ¨æ–­-å¤šé‡æ£€éªŒ,http://mp.weixin.qq.com/s?__biz=MzA5NjAyMzU1OA==&mid=2247484941&idx=3&sn=83d266361ccb91b1e9d49cc6f3400d4d&chksm=90b72364a7c0aa72145a7fbdfacf546fd3234c4a123646cf4fa1800b975bdf12a61ebd563f87#rd
ç¬¬äºŒä¸ªå…ç–«æ²»ç–—æ³›ç™Œç§ä¼´éšè¯Šæ–­æ ‡å¿—ç‰©é—®ä¸–ï¼å›é¡¾TMBä½œä¸ºè‚¿ç˜¤å…ç–«æ²»ç–—ä¼´éšè¯Šæ–­çš„è·æ‰¹ä¹‹è·¯,http://mp.weixin.qq.com/s?__biz=MzA5NjAyMzU1OA==&mid=2247484941&idx=4&sn=275aee8255e896126efad6feb0bd8a00&chksm=90b72364a7c0aa7205cbe672013dcca39ef3e6929bc9891c9a02511ca7c4e97b32076d58ee2e#rd
ã€ŒWorkshopã€ç¬¬ä¸‰æœŸï¼šç”Ÿå­˜åˆ†æ,http://mp.weixin.qq.com/s?__biz=MzA5NjAyMzU1OA==&mid=2247484820&idx=1&sn=cc8c39ee4ca563722cb9877f59f633ef&chksm=90b720fda7c0a9ebd6b896bd17103e9592ac2514cf660a5de72bb73a7085aeab8c47dc693119#rd
ã€ŒRã€dplyr åŒ…ä½¿ç”¨,http://mp.weixin.qq.com/s?__biz=MzA5NjAyMzU1OA==&mid=2247484820&idx=2&sn=efed86c2d382a18d6d39d8488dfc7aa3&chksm=90b720fda7c0a9ebde55ef60070f9982910e14aa231f553f66c9a260a5e80055695e95ebd41d#rd
ä½ ä¿å­˜çš„wordå’Œpdfæ–‡æ¡£å›¾ç‰‡ä¸ºä»€ä¹ˆå˜æ¨¡ç³Šäº†ï¼Ÿ,http://mp.weixin.qq.com/s?__biz=MzA5NjAyMzU1OA==&mid=2247484820&idx=3&sn=e5f8461a5aadd48ad5a1803432e52531&chksm=90b720fda7c0a9ebbe546ddf94daedccc3af6abf990256f226ae63d5076edd8c8b1a04fc905c#rd
ã€Šè‡ªç„¶åŒ»å­¦ã€‹é‡è¦å‘ç°ï¼PD-1æ²»ç–—è‚¾ç™Œç–—æ•ˆä¸ä½³ï¼èƒŒååŸå› æ‰¾åˆ°äº†â€¦â€¦,http://mp.weixin.qq.com/s?__biz=MzA5NjAyMzU1OA==&mid=2247484820&idx=4&sn=bc6455215409d9eeec56fdbb8c66df61&chksm=90b720fda7c0a9ebf75358665a8289f304446c0b6664d2cc16d5ee826f8d146d7c6730dfa605#rd
https://www.bilibili.com/video/BV1Ua4y1e7or è§†é¢‘é‡ŒæŠŠRåŸºç¡€å’Œtidyverseè¿‡äº†ä¸‹ï¼Œä¸€å…±4å°æ—¶ï¼Œä¸è¿‡ä¸­é—´æœ‰ä¸€å°æ—¶å¿˜è®°ç‚¹å½•åˆ¶äº†...èµ„æ–™æ•´ç†åœ¨ https://xsliulab.github.io/Workshop/,http://mp.weixin.qq.com/s?__biz=MzA5NjAyMzU1OA==&mid=2247484770&idx=1&sn=26ea6456998ba2d905f0596cb88f6707&chksm=90b7200ba7c0a91d6bcd1d1405314bc51d8cc0b1063ea32b773b9efa6e1187e71f6e49c709d5#rd
ã€ŒRã€å»æ‰ R æ§åˆ¶å°ä¸Šçš„ + å·è¿æ¥,http://mp.weixin.qq.com/s?__biz=MzA5NjAyMzU1OA==&mid=2247484769&idx=1&sn=0dee1f987563fd13e31ca391ded1e3f1&chksm=90b72008a7c0a91ee0bc0ea48fcbfe2d21c9474ac7fdc0bc29f74f7f3d3ae6636cca0ca71b28#rd
ã€Œæ–‡çŒ®ã€å¼ ä¿äº­æ•™æˆåœ¨â€œAdvanced Scienceâ€å‘è¡¨é¶å‘éç¼–ç æ ¸é…¸miRNAé¶ç‚¹çš„å¤©ç„¶äº§ç‰©è™šæ‹Ÿç­›é€‰æ–°ç­–ç•¥,http://mp.weixin.qq.com/s?__biz=MzA5NjAyMzU1OA==&mid=2247484769&idx=2&sn=aca2543713fe8ecde04eab1d9686f79d&chksm=90b72008a7c0a91ef041f443ddc551d8498221c4dbf3d7c03aec100876bda2241f7788bd3184#rd
Rè¯­è¨€æ‰§è¡Œå¸¦ç±»åˆ«å‹é¢„æµ‹å˜é‡çš„çº¿æ€§å›å½’ç¤ºä¾‹,http://mp.weixin.qq.com/s?__biz=MzA5NjAyMzU1OA==&mid=2247484769&idx=3&sn=c6f51fbdb7aab324b524c5470738f3af&chksm=90b72008a7c0a91e81da3f016ce0ba61de175edbacc1d3b5959368b0843e1cdd7b104e45143b#rd
å½“éŸ¦æ©å›¾å’Œupsetéƒ½ä¸èƒ½æ»¡è¶³æˆ‘çš„å¯è§†åŒ–è¦æ±‚,http://mp.weixin.qq.com/s?__biz=MzA5NjAyMzU1OA==&mid=2247484769&idx=4&sn=c1539a24d2cae26ea58201ec82107a1e&chksm=90b72008a7c0a91e2ae7312c5f2cab213e5d89b785282029257d77b82490b905189bc7a63e68#rd
å¿«è¿›æ¥ç§ç§åˆ«äººæ˜¯å¦‚ä½•æŠŠæ€§åˆ«å·®å¼‚å’Œç”Ÿä¿¡åˆ†æç»“åˆèµ·æ¥çš„ï¼,http://mp.weixin.qq.com/s?__biz=MzA5NjAyMzU1OA==&mid=2247484769&idx=5&sn=98a2f3ad24c5fbca3dbb04b14fc4c2d1&chksm=90b72008a7c0a91e72999737e1bdda46f1d88b178fb02ff480ddbe4170e46b90036aa59dc083#rd
ã€ŒWorkshopã€ç¬¬äºŒæœŸï¼šç¨‹åºæ§åˆ¶ä¸æ•°æ®æ“ä½œæµ,http://mp.weixin.qq.com/s?__biz=MzA5NjAyMzU1OA==&mid=2247484757&idx=1&sn=378c91ecfb4b2a3da3ff6c03e54d42a1&chksm=90b7203ca7c0a92a7ebb24de49d1f2b002584a4d26fcbcc51373ac4c67999f73a2ddafcbbaa2#rd
ã€ŒWorkshopã€ç¬¬ä¸€æœŸï¼šæˆ‘ç†è§£çš„ï¼ˆç”Ÿä¿¡ï¼‰æ•°æ®åˆ†ææ ¸å¿ƒåŸºç¡€,http://mp.weixin.qq.com/s?__biz=MzA5NjAyMzU1OA==&mid=2247484757&idx=2&sn=cc8e84ca5db672f1c3d8276789dc4369&chksm=90b7203ca7c0a92a00b5a21d59c57cf108baafae8901db42e1dc2bad071cca59ab50174de8d5#rd
ä½¿ç”¨ R è¯­è¨€ä» PDF æ–‡æ¡£ä¸­æå–è¡¨æ ¼,http://mp.weixin.qq.com/s?__biz=MzA5NjAyMzU1OA==&mid=2247484757&idx=3&sn=21fadcb39f7a0502156635d161846428&chksm=90b7203ca7c0a92a2bce5215b69e14edd47822ea59067be2f07b6daf2306c52f17ac53b8164a#rd
é¡¶çº§ç”Ÿç‰©ä¿¡æ¯å­¦ RSS è®¢é˜…æº,http://mp.weixin.qq.com/s?__biz=MzA5NjAyMzU1OA==&mid=2247484757&idx=4&sn=60f044ef397e265bf605becf885d57d0&chksm=90b7203ca7c0a92aec41ac45fc663ea282d2fedf5469215fa3abdde47d7838cb02b68154d418#rd
å¼ºå¼ºè”åˆçš„åŸºå› IDè½¬æ¢,http://mp.weixin.qq.com/s?__biz=MzA5NjAyMzU1OA==&mid=2247484757&idx=5&sn=17265db605fcff9a4c8bc51c9a4d3981&chksm=90b7203ca7c0a92a89e454082ccfd22b572b2aec57d1a05403e6bf61c55b4f4f207f5278fdb5#rd
ã€ŒRã€Rmarkdownä¸Shiny,http://mp.weixin.qq.com/s?__biz=MzA5NjAyMzU1OA==&mid=2247484747&idx=1&sn=2a1df741077da247f528ba5bd9921a40&chksm=90b72022a7c0a934390121a5111d2f4adb53a637a145253302403c79ea20b21b1f863b5be266#rd
ä¸€ä¸ªç®€å•çº¿æ€§å›å½’å’Œå¤šé¡¹å¼å›å½’åœ¨Rä¸­çš„å®ç°ç¤ºä¾‹,http://mp.weixin.qq.com/s?__biz=MzA5NjAyMzU1OA==&mid=2247484747&idx=2&sn=2af9af457a5fb5c7fbf03b3aa51949f4&chksm=90b72022a7c0a934b395c1ed14fc1658070407bbb395fefc5dc6ec94fb112a13b7cc83a5e81d#rd
R tipsï¼šä½¿ç”¨enframeå’Œmap2ä¼˜é›…çš„è¿­ä»£åˆ—è¡¨,http://mp.weixin.qq.com/s?__biz=MzA5NjAyMzU1OA==&mid=2247484747&idx=3&sn=07bb6ab77999df6f615df053c1c18623&chksm=90b72022a7c0a934575c99eedc9cbc16e10462a9360ef9b058b2a3c6b4ad7e0bf9936704932b#rd
ã€ŒRã€ezcox æ£®æ—å›¾ä¸­ç‚¹ä¼°è®¡æ–¹å—å¤§å°è®¾å®š,http://mp.weixin.qq.com/s?__biz=MzA5NjAyMzU1OA==&mid=2247484524&idx=1&sn=79afc3fca75c051507e5d757855a3453&chksm=90b72105a7c0a813cccb4596069c81105428f933c8b56d53814369b864b2fdec53f8aca4934f#rd
ã€ŒRã€æ•°æ®å¯è§†åŒ–11ï¼šPCAå’ŒPCoAå›¾,http://mp.weixin.qq.com/s?__biz=MzA5NjAyMzU1OA==&mid=2247484524&idx=2&sn=3de0872d45824611bb48db6530960e74&chksm=90b72105a7c0a813a4747cb52ab38d966f94337d7c37b6d0bab1333653f84117ceb33a23bd97#rd
ã€ŒRã€ggplot2æ•°æ®å¯è§†åŒ–,http://mp.weixin.qq.com/s?__biz=MzA5NjAyMzU1OA==&mid=2247484520&idx=1&sn=b53cc10a368184342b4cce0311a92c5a&chksm=90b72101a7c0a817cc1cc2a7a2b599ebe80a3157f75e01ecd44beb6aca76981b8452ce58a332#rd
ã€ŒRã€æ•°æ®å¯è§†åŒ–1: ç«å±±å›¾,http://mp.weixin.qq.com/s?__biz=MzA5NjAyMzU1OA==&mid=2247484520&idx=2&sn=c8d74dabc3d34a5699240771b9f4b52e&chksm=90b72101a7c0a8170484974481fb73ab523f5ee897d3332ce2955a5f66acbaa935e18d6a9a96#rd
ã€ŒRã€dplyr ç¼–ç¨‹,http://mp.weixin.qq.com/s?__biz=MzA5NjAyMzU1OA==&mid=2247484518&idx=1&sn=c52b6fe3dfda9efe753a5ab8793bd7af&chksm=90b7210fa7c0a81945ca449a2db17fe2eb9a44ec5a678acd326d78f52d28009a7530a57fadbb#rd
ã€ŒRã€æ•°æ®å¯è§†åŒ–18ï¼šå¼§å½¢å›¾,http://mp.weixin.qq.com/s?__biz=MzA5NjAyMzU1OA==&mid=2247484518&idx=2&sn=a4e27223713c6cfb87857bc332feb731&chksm=90b7210fa7c0a819bf406d01b8baaa5c1612390b502714f34424438cb40427ee9ca55cb403a5#rd
åˆ†äº«å›¾ç‰‡,http://mp.weixin.qq.com/s?__biz=MzA5NjAyMzU1OA==&mid=2247484513&idx=1&sn=2db81b83ceeee6b209899ab8be626579&chksm=90b72108a7c0a81e0f9255c097474747a14d3463c6d28a0648c3ea398b5d1094ddd4133ad7c5#rd
ã€ŒRã€æ•°æ®å¯è§†åŒ–18ï¼šå¼§å½¢å›¾,http://mp.weixin.qq.com/s?__biz=MzA5NjAyMzU1OA==&mid=2247484510&idx=1&sn=888f5b024d3b4d3e755dd4e9bdc17a12&chksm=90b72137a7c0a8213e7cda7fcf9ea33aa853d57fea01758bf3baeba578e07ac821279f8d24d0#rd
R-4.0.0ç‰ˆæœ¬æ€ä¹ˆæ›´æ–°,http://mp.weixin.qq.com/s?__biz=MzA5NjAyMzU1OA==&mid=2247484510&idx=2&sn=42f1eeee9733b86b1a6719267b5dabd5&chksm=90b72137a7c0a821b09fd8e47ce21bd56fe51758664ba04322395ec05ac7d3ec5e51a2d867ec#rd
é€šè¿‡IMGTæ•°æ®åº“è®¤çŸ¥å…ç–«ç»„åº“,http://mp.weixin.qq.com/s?__biz=MzA5NjAyMzU1OA==&mid=2247484510&idx=3&sn=4ffb1efaae22d20a099dbba3ea64bb5b&chksm=90b72137a7c0a821df55774d5047189ab878f96627b1c6e8816efb35013c48cb9819f2ba0ee5#rd
é©¬æ–¯å…‹æ”¾è¯ï¼š6ä¸ªæœˆå†…å…¬æµ‹å«æ˜Ÿäº’è”ç½‘ï¼é¢ è¦†5Gçš„å°†ä¸æ˜¯6G,http://mp.weixin.qq.com/s?__biz=MzA5NjAyMzU1OA==&mid=2247484510&idx=4&sn=93e1b1464ca7abfaf659d531e8879b42&chksm=90b72137a7c0a821312df22fa656e7ac94e15db2f2d9d49b0944b9c1c1bc39cb5f8a20c22791#rd
ã€Šç™Œç”Ÿç‰©å­¦ã€‹æ±‡æ€»è´´,http://mp.weixin.qq.com/s?__biz=MzA5NjAyMzU1OA==&mid=2247484487&idx=1&sn=946bb1399fd2a5935c2f07591560b367&chksm=90b7212ea7c0a838b9e2301d92d98d5434dfceddfddf1bc06526d5bceb27a6dec91130b62771#rd
pythonå’ŒRåšæœºå™¨å­¦ä¹ ä½ é€‰æ‹©å“ªä¸ª,http://mp.weixin.qq.com/s?__biz=MzA5NjAyMzU1OA==&mid=2247484487&idx=2&sn=3073f6d697a042f9597c330e45310a13&chksm=90b7212ea7c0a8389ed80f60795f6d8fbef80bedd436d9c64e24e1bf3dc2051662a912db1b9a#rd
çƒ­ç‚¹Nature Genetics | å°†æ·±åº¦å­¦ä¹ åº”ç”¨åˆ°åŸºå› ç»„å­¦ä¸­,http://mp.weixin.qq.com/s?__biz=MzA5NjAyMzU1OA==&mid=2247484487&idx=3&sn=559fdfa17c5e54f5c863ac0a32fe703e&chksm=90b7212ea7c0a838fb216ea6a4fb3acd9fa9fd16117f8a0d6e2d13d8c75c92724e0c4ac85ba9#rd
å…¬ä¼—å·ç›®å½•,http://mp.weixin.qq.com/s?__biz=MzA5NjAyMzU1OA==&mid=2247484487&idx=4&sn=ad7f026ec13666364b2c8f34606b8756&chksm=90b7212ea7c0a838001cf855052fb2017a28b2151de49ad7b34aa1282020e31b8b10c4cb17c8#rd
ã€ŒRã€æ•°æ®æ±‡æ€»æ—¶è‡ªåŠ¨ç”Ÿæˆå¤šåˆ—,http://mp.weixin.qq.com/s?__biz=MzA5NjAyMzU1OA==&mid=2247484485&idx=1&sn=8283c87bb93052c391a4b40fc649a3c9&chksm=90b7212ca7c0a83a61bc823786aa26a6d51da2cfabc15214071b0b315132b75b113f650a07e1#rd
ã€ŒRã€ä»gtfæ–‡ä»¶ä¸­æŠ½å–åŸºå› idå’Œname,http://mp.weixin.qq.com/s?__biz=MzA5NjAyMzU1OA==&mid=2247484485&idx=2&sn=8cbe1fa75cb93e5244a661bc9e906a94&chksm=90b7212ca7c0a83ac5b23882a9b9c6636f7e8dfaa80178a4020afeba55ff9b12c7f4c1352d5d#rd
ã€ŒRã€å¼€å‘ï¼šå‘½åç©ºé—´ä½¿ç”¨,http://mp.weixin.qq.com/s?__biz=MzA5NjAyMzU1OA==&mid=2247484485&idx=3&sn=c140d391efd2be71ae378c7950e8d0ca&chksm=90b7212ca7c0a83af58338e34316c6e54d06cd0f2887f537d6b6e81bf5d29753d250ac3ff38e#rd
ã€ŒRã€è·å–RåŒ…ä¸­çš„å‡½æ•°å’Œå¯¹è±¡åˆ—è¡¨,http://mp.weixin.qq.com/s?__biz=MzA5NjAyMzU1OA==&mid=2247484485&idx=4&sn=858c3ea12ac4d2e895ed2134150ed3be&chksm=90b7212ca7c0a83a97ce57210deb5b19f7805085dd2226fd65027266dd318a66619372e3664f#rd
ã€ŒRã€t æ£€éªŒ,http://mp.weixin.qq.com/s?__biz=MzA5NjAyMzU1OA==&mid=2247484479&idx=1&sn=69948389bb1e3dd73898b911c9b7f64e&chksm=90b72156a7c0a840f8930f6f12df5d94917e6a2729561a1b02a661edfa5731087c5aeba4c4b0#rd
4æœˆç¼–ç¨‹è¯­è¨€æ¦œå•å‡ºç‚‰ï¼Œä½ çš„è¯­è¨€ä¸Šæ¦œæ²¡ï¼Ÿ,http://mp.weixin.qq.com/s?__biz=MzA5NjAyMzU1OA==&mid=2247484479&idx=2&sn=a2eee13083c5a1355854537effb5ad14&chksm=90b72156a7c0a84048fbba2665f9827464eaa23c69bc2e4b15490cc4214b67773bdca61d85f5#rd
ã€ŒRã€é€»è¾‘å›å½’,http://mp.weixin.qq.com/s?__biz=MzA5NjAyMzU1OA==&mid=2247484479&idx=3&sn=ef52ee9ff06e6f77f9b752a3c8b37c02&chksm=90b72156a7c0a8409713558b7bdff05c4e0f92d58769b40df85a43aebb60679269041bce70cf#rd
ã€ŒRã€ANOVA,http://mp.weixin.qq.com/s?__biz=MzA5NjAyMzU1OA==&mid=2247484479&idx=4&sn=e13b5c79ea33c86c62f6d13b98d6f20b&chksm=90b72156a7c0a840e3127a76dc48849aabaf5d80c5a97d5bad1e49383097b3c28dfd715016f2#rd
æ¯«ç§’çº§æµè§ˆè¶…å¤§æ–‡ä»¶ï¼ˆGbçº§ï¼‰- å¤©ä¸‹æ­¦åŠŸï¼Œå”¯å¿«ä¸ç ´,http://mp.weixin.qq.com/s?__biz=MzA5NjAyMzU1OA==&mid=2247484479&idx=5&sn=20162e548be66c84b0790a8c101f7d63&chksm=90b72156a7c0a840598aafb1a18226f921132f90899bc3854b9a06d76d6a345ab300470d5e21#rd
å€’ä¸å¦‚ç”¨Rç”»ä¸ªæ–°å† ç—…æ¯’å§...,http://mp.weixin.qq.com/s?__biz=MzA5NjAyMzU1OA==&mid=2247484479&idx=6&sn=733aa5669e809925064ee01e626e9311&chksm=90b72156a7c0a84064c7dacfac8243d63e13c8c50515b1ed99a3b224b10e3b43c3a27546e558#rd
ã€ŒRã€gtsummary ç”¨è¡¨æ ¼ç©è½¬æ•°æ®æ±‡æ€»,http://mp.weixin.qq.com/s?__biz=MzA5NjAyMzU1OA==&mid=2247484477&idx=1&sn=338a81551336b8957b1f787245bbe81a&chksm=90b72154a7c0a842576d8c8efe1367a300cd081e4224318bbd59e3a3a7909750f1348032c17f#rd
ã€ŒRã€ä½¿ç”¨gtåŒ…åˆ›å»ºè¡¨æ ¼,http://mp.weixin.qq.com/s?__biz=MzA5NjAyMzU1OA==&mid=2247484477&idx=2&sn=9dd5429467fc9d45e8d1022b005c88cc&chksm=90b72154a7c0a842330fc840030b8175ec837c4304b8c63bc3c04c15fe15d4e36ebf9173aa59#rd
ã€ŒR|ç”Ÿä¿¡ã€å®‰è£… pRRophetic åŒ…,http://mp.weixin.qq.com/s?__biz=MzA5NjAyMzU1OA==&mid=2247484473&idx=1&sn=435393db18b6b66d64efd2fd79e881af&chksm=90b72150a7c0a846cc554225ab2e85afe7ca2ca1bdcc807bcc9ce3c3676390e832962f8a89e8#rd
ã€ŒRã€ä½¿ç”¨gtåŒ…åˆ›å»ºè¡¨æ ¼,http://mp.weixin.qq.com/s?__biz=MzA5NjAyMzU1OA==&mid=2247484473&idx=2&sn=b0af45c4be8406ba0d91d8596599a09b&chksm=90b72150a7c0a8468c044ceeb7ac80d20c204a8aa17ee88353d0f94aedf14447d40f76ab5915#rd
å¯äº¤äº’æ³¨é‡Šä½ çš„ggplotå›¾,http://mp.weixin.qq.com/s?__biz=MzA5NjAyMzU1OA==&mid=2247484473&idx=3&sn=eb15a2ede9f6e6d556d226ef270a88f1&chksm=90b72150a7c0a846547b4653c7dc9b5bd59bcd0409949c1eab934ca18ccd545037380d8b5bf6#rd
å›¾è¯´ | Circulating Tumor Cellå¾ªç¯è‚¿ç˜¤ç»†èƒ,http://mp.weixin.qq.com/s?__biz=MzA5NjAyMzU1OA==&mid=2247484473&idx=4&sn=f76de9b3a3115644f50f650bd4f4ea44&chksm=90b72150a7c0a84629acb572b9b2adc50317c477df07c09fde2bf16ebd1f3e6b28f8ba7d5452#rd
æ–°ç‰ˆæœ¬ï¼Œggplot2 v3.3.0 æ–°ç‰¹æ€§æ¥è¢­,http://mp.weixin.qq.com/s?__biz=MzA5NjAyMzU1OA==&mid=2247484356&idx=1&sn=df42c48984d1d3900e22e1ab827bff4f&chksm=90b726ada7c0afbbe4c330b85498ebe550f43b045f8cc18b76408a7b725f4c6e2a1b3a8b7e5c#rd
ggplot2 æ¡ˆä¾‹ï¼šä½¿ç”¨ ggplot2 ç»˜åˆ¶ç»˜åˆ¶ä¸€å¹…æ°”æ³¡åœ°å›¾å±•ç¤ºå„å›½ç–«æƒ…çŠ¶å†µ,http://mp.weixin.qq.com/s?__biz=MzA5NjAyMzU1OA==&mid=2247484356&idx=2&sn=15133bcedc6c157a364f23a94aefb622&chksm=90b726ada7c0afbbe5865eb20a6bb84d559d2583961321fbd08152c64b6435730add3333094c#rd
ä¸ºäº†æäº¤RåŒ…ï¼Œæˆ‘æ„å»ºäº†ä¸ªå¤šç‰ˆæœ¬çš„Rå¼€å‘ç¯å¢ƒ,http://mp.weixin.qq.com/s?__biz=MzA5NjAyMzU1OA==&mid=2247484356&idx=3&sn=add53c9b19b2181c15d0c6c74d805133&chksm=90b726ada7c0afbbc0db087be588fc2b59510e30ebe6197d7bf0e740286207c65472c9e55258#rd
Rè¯­è¨€å®æˆ˜ç¬¬äºŒç‰ˆå­¦ä¹ ç¬”è®°-æ±‡æ€»å¸–,http://mp.weixin.qq.com/s?__biz=MzA5NjAyMzU1OA==&mid=2247484335&idx=1&sn=9d2581b53eaeac522bdc336ae5b01fc9&chksm=90b726c6a7c0afd04881a68927078a13cb7a738d068e02d6bacdbdfbcca2707261c342900861#rd
å¯è§†åŒ–å›¾è¡¨æ ·å¼ä½¿ç”¨å¤§å…¨,http://mp.weixin.qq.com/s?__biz=MzA5NjAyMzU1OA==&mid=2247484335&idx=2&sn=b05a7cd86b9cdc476ce214d8fb1f7ae8&chksm=90b726c6a7c0afd0ea24aed7de9309101bc21aecdaa373f1abd75f119029e77d76b05bd916ac#rd
é€šè¿‡ find å‘½ä»¤æ‰¾åˆ°ä½ è¦æ‰¾çš„ä¸œè¥¿ | Linux ä¸­å›½,http://mp.weixin.qq.com/s?__biz=MzA5NjAyMzU1OA==&mid=2247484335&idx=3&sn=4b003ffe416e0612f7b7c92f2d1f3352&chksm=90b726c6a7c0afd0092c8f6a150d913fe00c02821d78e5aaaca2090beeab052f000e1365753d#rd
ã€ŒRã€Shinyï¼šå“åº”å¼ç¼–ç¨‹ï¼ˆå››ï¼‰æ‰§è¡Œæ—¶é—´æ§åˆ¶ä¸è§‚å¯Ÿå™¨,http://mp.weixin.qq.com/s?__biz=MzA5NjAyMzU1OA==&mid=2247484329&idx=1&sn=2f5978b1c8cfb123dce0b70ab7904859&chksm=90b726c0a7c0afd6ee8bfd53079a7c1b9698b4f19c9b15e15005caa15a6372191cac398690b7#rd
Rè¯­è¨€å®æˆ˜ï¼ˆ20ï¼‰â€”é«˜çº§ç¼–ç¨‹,http://mp.weixin.qq.com/s?__biz=MzA5NjAyMzU1OA==&mid=2247484329&idx=2&sn=817b2f7c85f9ab67920fe551239766ca&chksm=90b726c0a7c0afd6530684c053cf46d54dd9c05e1c7d645d1d4b5df9e5348b0c5634350fc50b#rd
dynoä½¿ç”¨æ•™ç¨‹--1ä¸ªRåŒ…å®ç°59ç§å•ç»†èƒè½¨è¿¹æ¨æ–­åˆ†æ,http://mp.weixin.qq.com/s?__biz=MzA5NjAyMzU1OA==&mid=2247484329&idx=3&sn=b23a916c1b0d2e2ec2b53807738b1c27&chksm=90b726c0a7c0afd6172d704f52896ccb843c10a9dc2de31db480bc7fe97238b811bf0a97a3c7#rd
ã€ŒRã€Pacmanï¼šä½ çš„ R åŒ…ç®¡å®¶,http://mp.weixin.qq.com/s?__biz=MzA5NjAyMzU1OA==&mid=2247484320&idx=1&sn=f6c49018c78c9c6824eb2b2ffa3e960c&chksm=90b726c9a7c0afdf521f9b798df1e61f22da91cc5597736ee76fc0b729730fad4be931eed815#rd
ã€ŒRã€æ•°æ®æ“ä½œæ¨æ–‡æ±‡æ€»,http://mp.weixin.qq.com/s?__biz=MzA5NjAyMzU1OA==&mid=2247484320&idx=2&sn=b486ef5869c730dd4560486cc56ab4b8&chksm=90b726c9a7c0afdff8ad98dce6062201d07dd8fcb7f2bf3f4f69d1c5fef02a10bbc0a9a199e9#rd
Rè¯­è¨€å®æˆ˜ï¼ˆ17ï¼‰â€”â€”åˆ†ç±»,http://mp.weixin.qq.com/s?__biz=MzA5NjAyMzU1OA==&mid=2247484320&idx=3&sn=1663fb67c34ef4b0266ae92754b57891&chksm=90b726c9a7c0afdfbfb7c1d1a15bffe145206646a6a1e1cdbcea568237b27bbad240369b7a3e#rd
ã€Œå·¥å…·ã€loon - ä¸€ä¸ªæ‡’äººé€‚ç”¨çš„è¿œç¨‹å‘½ä»¤å·¥å…·ç®±,http://mp.weixin.qq.com/s?__biz=MzA5NjAyMzU1OA==&mid=2247484320&idx=4&sn=a4220bcf2ffb88f9ee1b590c10b8cc9e&chksm=90b726c9a7c0afdf1fff876b098023903fec0c275b5cda88a127f50ba3bbff10820e398c7b9f#rd
ã€ŒRã€Shinyï¼šå“åº”å¼ç¼–ç¨‹ï¼ˆä¸‰ï¼‰å“åº”è¡¨è¾¾å¼,http://mp.weixin.qq.com/s?__biz=MzA5NjAyMzU1OA==&mid=2247484311&idx=1&sn=e419e11b8df30f40cd841e0ae51ab64f&chksm=90b726fea7c0afe8a4b0e4cb17117567862e50aebe2aa641f362b841e533fc17de3f93fbf32b#rd
TidyFriday äºŒæœˆæ¨æ–‡åˆé›†ï½,http://mp.weixin.qq.com/s?__biz=MzA5NjAyMzU1OA==&mid=2247484311&idx=2&sn=a8415301c55659ebb8221432bc846f91&chksm=90b726fea7c0afe8d26a5aaaa3f1ace7cca1f45bdede0f1dddbcb6e52cd706d270a40ee75a32#rd
ä¸€æ–‡çœ‹æ‡‚ä¸»æˆåˆ†åˆ†æ,http://mp.weixin.qq.com/s?__biz=MzA5NjAyMzU1OA==&mid=2247484311&idx=3&sn=6c03a9b87efa224e0657f5a84dfa1278&chksm=90b726fea7c0afe888d34a80d20b6299a447c0f988f7e14eebbefdfe7d36d2577b36a258d4ab#rd
Rè¯­è¨€å®æˆ˜ï¼ˆ18ï¼‰â€”å¤„ç†ç¼ºå¤±æ•°æ®çš„é«˜çº§æ–¹æ³•,http://mp.weixin.qq.com/s?__biz=MzA5NjAyMzU1OA==&mid=2247484311&idx=4&sn=5f21bfcd467d11ed8e3f6f18f7ff4f08&chksm=90b726fea7c0afe80000e71aa92e0ef1cf048acad0357d7d6afe33d3bdfb8f553f601fa2312d#rd
ã€ŒRã€ç¬¬ä¸€ä¸ªShinyåº”ç”¨ï¼ˆä¸€ï¼‰ hello world,http://mp.weixin.qq.com/s?__biz=MzA5NjAyMzU1OA==&mid=2247484220&idx=1&sn=fb2a934a1eb2f67a0e5635f682d1a01a&chksm=90b72655a7c0af43e4b745f2288af29d4de1f225b28206ef7c40f6de783ffff9af294279e920#rd
TidyFriday æ¯å¤© 5 åˆ†é’Ÿï¼Œè½»è½»æ¾æ¾ä¸Šæ‰‹ R è¯­è¨€ï¼ˆå››ï¼‰,http://mp.weixin.qq.com/s?__biz=MzA5NjAyMzU1OA==&mid=2247484220&idx=2&sn=15ceae5840db14899c071ac42faea7ca&chksm=90b72655a7c0af43860248ac8de5272530b708bdc6a3b4381b5f0da911e142109a69b71fbba3#rd
CubicHeatMap - é‡ç£…æ¨å‡º - é­”æ–¹çƒ­å›¾ - ä¼ªä¸‰ç»´,http://mp.weixin.qq.com/s?__biz=MzA5NjAyMzU1OA==&mid=2247484216&idx=1&sn=8b84f47dd163e4cf2aa47d6b8c542f47&chksm=90b72651a7c0af4705c4a85dad8bbb8cf9ef985a4b507513443eb4e64b0f01349d1d79a1ea6b#rd
ä¸€å¤©1300 Staré‡ï¼ŒGitHubä¸Šæ–°å®˜æ–¹å‘½ä»¤è¡Œå·¥å…·,http://mp.weixin.qq.com/s?__biz=MzA5NjAyMzU1OA==&mid=2247484216&idx=2&sn=709ca879a6b53657287ef79a6063048a&chksm=90b72651a7c0af47032e7e58cbe778de2a1c9534c1f8396d84662709a5f36442f95eaae7204c#rd
ä¸¤å¤©ç ”ä¹ PythonåŸºç¡€ï¼ˆåï¼‰ æ–‡ä»¶å¤„ç†,http://mp.weixin.qq.com/s?__biz=MzA5NjAyMzU1OA==&mid=2247484216&idx=3&sn=417ca6c9b57870520b6153b84f074584&chksm=90b72651a7c0af47f3ae4ff02d6c9867fe15d25bc069b2a08b787948e7bfa2b28b395f7e0098#rd
ç§‘ç ”è‹¥è¦é…·ï¼Œå°±ç”¨TBtoolsï¼ï¼ˆæ”¶è—è´´ï¼‰,http://mp.weixin.qq.com/s?__biz=MzA5NjAyMzU1OA==&mid=2247484213&idx=1&sn=8ad172af6e499ed712f55deea4900e82&chksm=90b7265ca7c0af4a7ddff4a7552e750e1c8c8c2088cbaaf8eeddb42838167125a47029f1b909#rd
æ¥ä¸‹æ¥ç³»ç»Ÿåœ°å­¦ä¹ å’Œåˆ†æç”Ÿä¿¡å’ŒShinyçŸ¥è¯†,http://mp.weixin.qq.com/s?__biz=MzA5NjAyMzU1OA==&mid=2247484213&idx=2&sn=0bb7ce91eee6433f58861d6cf87c3b58&chksm=90b7265ca7c0af4a4107425170fe6d46257a28293cae649a0df25260786c11ba6a8cdbcbda68#rd
ã€ŒRã€ggplot2 ä¿®æ”¹xå’Œyè½´åˆ»åº¦,http://mp.weixin.qq.com/s?__biz=MzA5NjAyMzU1OA==&mid=2247484209&idx=1&sn=3e5d11b4cf3be996f13c623e5c66a377&chksm=90b72658a7c0af4e67d96a85a9eed57eb8610538881a456335272457f91d766f09ac0476978b#rd
TidyFriday å¿«ä¸ºä½ çš„ R è¯­è¨€åŸºç¡€ç»˜å›¾ç³»ç»Ÿè®¾å®šç»˜å›¾ä¸»é¢˜å§ï¼,http://mp.weixin.qq.com/s?__biz=MzA5NjAyMzU1OA==&mid=2247484209&idx=2&sn=a711aaff9ef303d95be9d264ed860a97&chksm=90b72658a7c0af4ec4c1392b97a66f7c242f6f51884e1956b3be99145ab10a20d04082a1015e#rd
ã€ŒRã€æ•°æ®å¯è§†åŒ–16ï¼šå“‘é“ƒå›¾,http://mp.weixin.qq.com/s?__biz=MzA5NjAyMzU1OA==&mid=2247484205&idx=1&sn=008ea4401fac5a7ef2a47341686b0294&chksm=90b72644a7c0af526e8877523924b26e904f5a346b04ff6837e82829f9141f1a3d25ed24dc1f#rd
ã€ŒRã€ä»æ·åœ°çƒè¯•éªŒä¸­å­¦ä¹ è´å¶æ–¯æ¨æ–­,http://mp.weixin.qq.com/s?__biz=MzA5NjAyMzU1OA==&mid=2247484205&idx=2&sn=b5c551447cf496f5e8d797e4f3a2ac52&chksm=90b72644a7c0af52ab20c344346d1f75fd982bedbb825a61d62586c078dc244600ebae6c09fb#rd
ä½¿ç”¨ py12306 è´­ç¥¨,http://mp.weixin.qq.com/s?__biz=MzA5NjAyMzU1OA==&mid=2247484169&idx=1&sn=1336b3c5810ba47a862d4542268dbaaf&chksm=90b72660a7c0af76f0cfe7cff487a146704d89c42a06aa0836567a0b029e42b51f19129a560c#rd
TidyFriday è°æœ€å…³å¿ƒæ–°å‹å† çŠ¶ç—…æ¯’ï¼Ÿ,http://mp.weixin.qq.com/s?__biz=MzA5NjAyMzU1OA==&mid=2247484169&idx=2&sn=fb313ac0a0c85129dbda43d0f1edf38e&chksm=90b72660a7c0af76933c4b9acdf0e75992e23cb21c6e09e1d7d3437fdddd4be6e492762e5f86#rd
ã€ŒRã€æ•°æ®å¯è§†åŒ–15ï¼šå€¾æ–œå›¾,http://mp.weixin.qq.com/s?__biz=MzA5NjAyMzU1OA==&mid=2247484165&idx=1&sn=a52600ebf64f8bf79c80dacabc593997&chksm=90b7266ca7c0af7aae720860d578c1b1dfa2b3f95248677002680065618df82e576f195fc263#rd
TidyFriday æ–°å‹è‚ºç‚ç–«æƒ…å®æ—¶è·Ÿè¸ª,http://mp.weixin.qq.com/s?__biz=MzA5NjAyMzU1OA==&mid=2247484165&idx=2&sn=439e0ed47b72d7277741e67a42e86e2d&chksm=90b7266ca7c0af7a4b70f938880c508a4d8dc1744de36ec431986dfe6d280a16d9b32b5e7c38#rd
æŠ—æ–°å† ç—…æ¯’çš„è¯ç‰©ä¸ºä½•è¿˜æ²¡ç ”å‘å‡ºæ¥ï¼Ÿ,http://mp.weixin.qq.com/s?__biz=MzA5NjAyMzU1OA==&mid=2247484165&idx=3&sn=bdacb3670cbab107eb394f06fb92fe91&chksm=90b7266ca7c0af7a1b8173f38692e39457743e96f1eb1cd2453c74acb7552c414353aa9c8092#rd
æ­¦æ±‰ç—…æ¯’ç ”ç©¶æ‰€å‘ç°ä¸ºä½•è™è å¸¦æœ‰å¤šç§ç—…æ¯’å´ä¸ç”Ÿç—…,http://mp.weixin.qq.com/s?__biz=MzA5NjAyMzU1OA==&mid=2247484165&idx=4&sn=122103970730e449d50ff884014eff3c&chksm=90b7266ca7c0af7a15c778dc6670bda869011cba26f6865c9a1f30f265ad9a9ac52d9a0bd20d#rd
ç¥å¤§å®¶æ–°å¹´å¿«ä¹ï¼Œèº«ä½“å¥åº·ï¼Œé˜–å®¶æ¬¢ä¹ï¼ï¼ï¼,http://mp.weixin.qq.com/s?__biz=MzA5NjAyMzU1OA==&mid=2247484161&idx=1&sn=e992aaf7fb58b4246daeb56b5a44e952&chksm=90b72668a7c0af7e2dcf8bad079f683cfbaec29d12c23255f50d60c5cc972bbf13347d8c66e7#rd
ä¸¤å¤©ç ”ä¹ PythonåŸºç¡€ï¼ˆäºŒï¼‰ åŸºæœ¬æ•°æ®ç±»å‹ä¸æ“ä½œç¬¦,http://mp.weixin.qq.com/s?__biz=MzA5NjAyMzU1OA==&mid=2247484156&idx=1&sn=69fe0de57e57e732e97ee55a916fd8ca&chksm=90b72795a7c0ae832342af491cf2ff1528d8d2289b4031641137cda79c61ba345ccabef90174#rd
TidyFriday 2019å¹´12æœˆæ¨æ–‡åˆé›†,http://mp.weixin.qq.com/s?__biz=MzA5NjAyMzU1OA==&mid=2247484156&idx=2&sn=6e2200b3082e9123671819d824c65112&chksm=90b72795a7c0ae8350c2d08e9c663a359e1a29109458a9d6e2f99a241a932ced53c6b466eb37#rd
R EnhancedVolcano ç»˜åˆ¶ç«å±±å›¾,http://mp.weixin.qq.com/s?__biz=MzA5NjAyMzU1OA==&mid=2247484156&idx=3&sn=d50a065bd8855bcaecb330f595e1d9e2&chksm=90b72795a7c0ae83322607b85cc1a92984ac4ca274a5c847bad4ff6524fb8ee5df17c795ac72#rd
ã€ŒRã€ggplot2æ•°æ®å¯è§†åŒ–,http://mp.weixin.qq.com/s?__biz=MzA5NjAyMzU1OA==&mid=2247484152&idx=1&sn=01572ab706433380eecf3ab30754d8b4&chksm=90b72791a7c0ae87c63e146e67ac83026f5e9e724f76250ffe705c6820249bf43dc88b54eea8#rd
cellassignï¼šç”¨äºè‚¿ç˜¤å¾®ç¯å¢ƒåˆ†æçš„å•ç»†èƒæ³¨é‡Šå·¥å…·ï¼ˆ9æœˆNatureï¼‰,http://mp.weixin.qq.com/s?__biz=MzA5NjAyMzU1OA==&mid=2247484152&idx=2&sn=30eceb19137d239614240ebb704f7d41&chksm=90b72791a7c0ae87a16df0d5aba846022636ee38577b96806a3ebe6b49f0e9846736f1f615e5#rd
R-forestplotåŒ…| HRç»“æœç»˜åˆ¶æ£®æ—å›¾,http://mp.weixin.qq.com/s?__biz=MzA5NjAyMzU1OA==&mid=2247484152&idx=3&sn=15c8c68c4fb4593c86584102a7830a82&chksm=90b72791a7c0ae87ccc318c4a355148da5eb57c8255298d9bb393e36b1a62b2b8eecf1d0877d#rd
ã€ŒRã€cowplotï¼ˆä¸‰ï¼‰æ·»åŠ æ³¨é‡Š,http://mp.weixin.qq.com/s?__biz=MzA5NjAyMzU1OA==&mid=2247484111&idx=1&sn=79dcf17d89746859bc59abfa14a34afe&chksm=90b727a6a7c0aeb0a95b5674e5ca61180fe1e8b70882bed87763beaab5ae1134e2881511bb21#rd
å¿˜æ‰Rstudioï¼Œæ¥ç”¨VSCodeæ„‰å¿«åœ°è¿›è¡ŒRè¿œç¨‹å¼€å‘,http://mp.weixin.qq.com/s?__biz=MzA5NjAyMzU1OA==&mid=2247484111&idx=2&sn=dac8f3c341ffee9b8f73d2415076caab&chksm=90b727a6a7c0aeb02b79251db89e395def68f2989dcfe16d615a95aedbe023c5853a4c11d76c#rd
TCGAï¼ˆè½¬å½•ç»„ï¼‰å·®å¼‚åˆ†æä¸‰å¤§RåŒ…åŠå…¶ç»“æœå¯¹æ¯”,http://mp.weixin.qq.com/s?__biz=MzA5NjAyMzU1OA==&mid=2247484111&idx=3&sn=54159ed992974a2612ac308cedd2d498&chksm=90b727a6a7c0aeb0ff2cbc42c0b1d5d1e5aedd921a6bb2cd686909860717ab19301921d6ee87#rd
ã€ŒRã€æ•°æ®æ“ä½œï¼ˆä¸‰ï¼‰ï¼šé«˜æ•ˆçš„data.table,http://mp.weixin.qq.com/s?__biz=MzA5NjAyMzU1OA==&mid=2247484107&idx=1&sn=05c57ccf1e4a7d1214f81e54bd6b2da8&chksm=90b727a2a7c0aeb4895293fa198725cbdcd0f75e6318472506e3f4f1083086078084f061fcd4#rd
Nat Biotech | å¦‚ä½•åœ¨ç¼ºä¹å¯¹ç…§æ ·æœ¬æƒ…å†µä¸‹å‡†ç¡®æ£€æµ‹ä½“ç»†èƒçªå˜,http://mp.weixin.qq.com/s?__biz=MzA5NjAyMzU1OA==&mid=2247484107&idx=2&sn=fede4f2aedfb993296e6225b4e6bfcb4&chksm=90b727a2a7c0aeb4b597372eb3257205509be113790aa5e5a19f8b3e84914f12795445973c77#rd
complexHeatmapç‰ˆæœ¬çš„å¯¹è§’çº¿çƒ­å›¾,http://mp.weixin.qq.com/s?__biz=MzA5NjAyMzU1OA==&mid=2247484107&idx=3&sn=a1a87fada148749aa058ada412550089&chksm=90b727a2a7c0aeb47dae49ce2968d000309ac3c440ff4031f1e92ab8e4e42715bc78bad9cd82#rd
ç†è§£RNA-seqè¡¨è¾¾çŸ©é˜µçš„ä¸¤ä¸ªå½¢å¼,http://mp.weixin.qq.com/s?__biz=MzA5NjAyMzU1OA==&mid=2247484107&idx=4&sn=8bdf9b5d20cd05a6af037000ab9dfd0c&chksm=90b727a2a7c0aeb451dc5d37941ce56d3f7c42c06ecdfea311d67f12fb19c65f0e5803f525d9#rd
ã€ŒRã€cowplotï¼ˆäºŒï¼‰æ”¹å˜è½´ä½ç½®,http://mp.weixin.qq.com/s?__biz=MzA5NjAyMzU1OA==&mid=2247484105&idx=1&sn=52eafe98566dcea84f249d0989e21418&chksm=90b727a0a7c0aeb69db610f3717104b7be6df04bb2d4deea83379a7214a852e0a896b0b3895c#rd
ã€ŒRã€MROè£…åŒ…è¸©å‘è®°,http://mp.weixin.qq.com/s?__biz=MzA5NjAyMzU1OA==&mid=2247484105&idx=2&sn=0b45d973ebb1bd3d173cd3efece15a4e&chksm=90b727a0a7c0aeb628a8ce042b5afbe0f5882b061092f5222395997fc856546db5b600719c98#rd
TMEæ–‡çŒ®ç²¾è¯» | åŸºäºæœºå™¨å­¦ä¹ çš„ä½“ç»†èƒçªå˜æ£€æµ‹æ–¹æ³•,http://mp.weixin.qq.com/s?__biz=MzA5NjAyMzU1OA==&mid=2247484105&idx=3&sn=33b97b18be47fbe6673ca035c29b9b46&chksm=90b727a0a7c0aeb64d9b43f5807ccfe1fdb0329a86640dae05c1c3e344857ada72b1fa16324c#rd
èœé¸Ÿå›¢ä¸€å‘¨æ–‡çŒ®æ¨èï¼ˆNo.42ï¼‰,http://mp.weixin.qq.com/s?__biz=MzA5NjAyMzU1OA==&mid=2247484105&idx=4&sn=7704d54c4c100338e3764798220e7dea&chksm=90b727a0a7c0aeb6a25f4251265e5ce7d4c0c1aa99ac16e2185457d16b466d578c5318303f85#rd
ã€ŒRã€æ•°æ®å¯è§†åŒ–12 : ç”Ÿå­˜æ›²çº¿,http://mp.weixin.qq.com/s?__biz=MzA5NjAyMzU1OA==&mid=2247484100&idx=1&sn=efaf4dda30d0a00378e2eea78665b68b&chksm=90b727ada7c0aebbc6346e29deb2246cb5f4c7ed44274baf7202484a452acd194dabd246df0e#rd
åŒæ ·æ˜¯ç”Ÿä¿¡åšå£«ï¼Œå¦‚æœä¸€å¼€å§‹å°±å¥”ç€å·¥ä¸šç•Œå»çš„å‘¢,http://mp.weixin.qq.com/s?__biz=MzA5NjAyMzU1OA==&mid=2247484100&idx=2&sn=ca7783761413e51d52ad64f4e908f82d&chksm=90b727ada7c0aebb1b4f4e558bd18713c9b6c088f99ca347f4cc7afe58284c18eced9e4e5a61#rd
lncRNAçš„ä¸€äº›åŸºç¡€çŸ¥è¯†,http://mp.weixin.qq.com/s?__biz=MzA5NjAyMzU1OA==&mid=2247484100&idx=3&sn=46059697ea3e502d3ad3190cc6919eb7&chksm=90b727ada7c0aebb8a89d1640dcabed5fce0cf4063a12585774eb4e04cb55410e2bf2dcb02bd#rd
ã€ŒRã€cowplotï¼ˆä¸€ï¼‰ä»‹ç»,http://mp.weixin.qq.com/s?__biz=MzA5NjAyMzU1OA==&mid=2247484096&idx=1&sn=8a1c15a8720649dfb88a65cf9964255c&chksm=90b727a9a7c0aebfcb231348b50214de1b780a43f6895123e93850affff34a069f6737477e46#rd
ã€ŒRã€ggplot2æ‹¼å›¾åŒ…patchworkæ¨èä¸ä½¿ç”¨,http://mp.weixin.qq.com/s?__biz=MzA5NjAyMzU1OA==&mid=2247484096&idx=2&sn=9fb67fdd1c05abda6e73acf79d117a3d&chksm=90b727a9a7c0aebfd8df0eff2858c80c1ad266faf2ce3421fb2982a491e3a0b172333ab8eb25#rd
ã€ŒRã€ä¸€æ–‡æŒæ¡ç”Ÿå­˜åˆ†æ,http://mp.weixin.qq.com/s?__biz=MzA5NjAyMzU1OA==&mid=2247484057&idx=1&sn=8e69155bb748a028c92b850cc5985818&chksm=90b727f0a7c0aee6521b77f654e5a1179aed3fa373acb2ff11380bad78b8d8992728af0e4549#rd
ã€ŒRã€æ•°æ®æ“ä½œï¼ˆä¸‰ï¼‰ï¼šé«˜æ•ˆçš„data.table,http://mp.weixin.qq.com/s?__biz=MzA5NjAyMzU1OA==&mid=2247484057&idx=2&sn=9f00aa3a74970e5cb934f999ea73c170&chksm=90b727f0a7c0aee616dc9d029d516f6a902278a52fb0650bf2622a3a38593df079d9452fbd95#rd
R-forestplotåŒ…| HRç»“æœç»˜åˆ¶æ£®æ—å›¾,http://mp.weixin.qq.com/s?__biz=MzA5NjAyMzU1OA==&mid=2247484057&idx=3&sn=86d391a93fde544f6480cba739c97d1b&chksm=90b727f0a7c0aee6ad7ed38ae90d7046c64781194e5b7779a29b1f8b88a7ecebf544b33244a0#rd
é€ä½ ä¸ªå¯¹è±¡,http://mp.weixin.qq.com/s?__biz=MzA5NjAyMzU1OA==&mid=2247484057&idx=4&sn=1c6eb2c3a242c3c182daa4ffd8f2a34e&chksm=90b727f0a7c0aee6e94d0d560f6a0709ffe8a4469a42cb8b7cd474dbd4fa30cc71e4ad7caafc#rd
ã€ŒRã€æ•°æ®å¯è§†åŒ–7 : èœœèœ‚å›¾,http://mp.weixin.qq.com/s?__biz=MzA5NjAyMzU1OA==&mid=2247484055&idx=1&sn=1a58e096ea8758f9474444a1fdd33a8f&chksm=90b727fea7c0aee88b971d6cebc1c4ac8db9999f53fe093e30951305a8cbfaafc5ddb0692509#rd
æ•°æ®ä½œå›¾ | æé«˜ä½œå›¾çš„10ä¸ªç®€å•æ³•åˆ™,http://mp.weixin.qq.com/s?__biz=MzA5NjAyMzU1OA==&mid=2247484055&idx=2&sn=31ace7a5c6ecfc879de6f0136affbb20&chksm=90b727fea7c0aee8872eb4408b648bdc8c2f29ef2b54cea0402e82cd700281608d93d76d13d1#rd
ä»£ç æµ·æ´‹-ä½ æƒ³æ¨¡ä»¿çš„è¿™é‡Œéƒ½æœ‰å•Š,http://mp.weixin.qq.com/s?__biz=MzA5NjAyMzU1OA==&mid=2247484055&idx=3&sn=fba8470b251ee6d140c8c6003c34b7bb&chksm=90b727fea7c0aee8f4b236a488c139815d3a296d1fa82f337b989153e91423b96339d9db9f25#rd
ã€ŒRã€ä½¿ç”¨gtåŒ…åˆ›å»ºè¡¨æ ¼å…¥é—¨,http://mp.weixin.qq.com/s?__biz=MzA5NjAyMzU1OA==&mid=2247484052&idx=1&sn=ad7705b14cb55692f53787cd1bc248ed&chksm=90b727fda7c0aeeb8131021733954b63b9a77a07a007bd8117e674c90547b3ea3a3f309ae3fd#rd
Rç”»å›¾å·²å…¥é—¨ï¼Œæ€æ ·è¿›é˜¶ï¼Ÿ,http://mp.weixin.qq.com/s?__biz=MzA5NjAyMzU1OA==&mid=2247484052&idx=2&sn=90900357ac7a5dfc1b9ee2ced577eaa8&chksm=90b727fda7c0aeeb0de35592871190385d8ddfa68ac26b7c61393a0d96d209fec3085cd8031f#rd
DESeq2çš„å»ºæ¨¡åŸç†åŠç®€å•ç”¨æ³•,http://mp.weixin.qq.com/s?__biz=MzA5NjAyMzU1OA==&mid=2247484052&idx=3&sn=5b88bfc40295f3b0a9d643050b8bbc42&chksm=90b727fda7c0aeeb70b87715e147a81fdd75b2b7b8bac0e59351bd1fe6ba474f40eeddc51caa#rd
PD-1æ–°å¸®æ‰‹â€”â€”PAK4æŠ‘åˆ¶å‰‚,http://mp.weixin.qq.com/s?__biz=MzA5NjAyMzU1OA==&mid=2247484052&idx=4&sn=8328536cb2694e31b888347750ec34e1&chksm=90b727fda7c0aeebf61758dd06b47fa15af55102b1fc4d12eaf92c5d7f3b61745448cc9bb08c#rd
ã€ŒRã€æ•°æ®å¯è§†åŒ–6 : æ›¼å“ˆé¡¿å›¾,http://mp.weixin.qq.com/s?__biz=MzA5NjAyMzU1OA==&mid=2247484047&idx=1&sn=456a1d52636f814d4abe9c90391ffd35&chksm=90b727e6a7c0aef00452eeb0f13dca9425bf2e6cb41e377ccb14590acad3a00b6dade211c2bc#rd
é˜ä¸‹å¯çŸ¥æ–‡è¨€ç¼–ç¨‹ä¹‹ç²¾å¦™ï¼ŸCMUæœ¬ç§‘ç”Ÿå¼€æºæ–‡è¨€æ–‡ç¼–ç¨‹è¯­è¨€ï¼Œæ•°å¤©2Kæ˜Ÿ,http://mp.weixin.qq.com/s?__biz=MzA5NjAyMzU1OA==&mid=2247484047&idx=2&sn=8bf8e9e70de9da92b613e8fe80c69121&chksm=90b727e6a7c0aef0f58bc052c223ad17e3639abd380cbdf5f9eb6dbedb8d729beb8490cac1c1#rd
åœ¨æˆ‘ä»¬çš„shinyæœåŠ¡å™¨éƒ¨ç½²ä¸€ä¸ªRNA-seqä¸‹æ¸¸åˆ†æç½‘é¡µå·¥å…·,http://mp.weixin.qq.com/s?__biz=MzA5NjAyMzU1OA==&mid=2247484047&idx=3&sn=65751a3aca16b1e6535e42f4b7363cf6&chksm=90b727e6a7c0aef0a003e745630df5db39c025fd51ae4434b60a44431e7d8524f11d5416289a#rd
ã€ŒRã€å›å½’å’Œç›¸å…³åˆ†æ,http://mp.weixin.qq.com/s?__biz=MzA5NjAyMzU1OA==&mid=2247484043&idx=1&sn=d833b1f626857deb18f60f5dec8946ff&chksm=90b727e2a7c0aef4d5e909e6bca84ecafb14734e3aa8d82087ea8bd8def6efaa56b01837c711#rd
ggcor |ç›¸å…³ç³»æ•°çŸ©é˜µå¯è§†åŒ–,http://mp.weixin.qq.com/s?__biz=MzA5NjAyMzU1OA==&mid=2247484043&idx=2&sn=e904aa8497a29a6e7bade24d5cd76ff9&chksm=90b727e2a7c0aef488d16fa966fa0305f8fb61417b28e82d33cb44971ae8cc1b5903ba29b3c0#rd
å¤šç‰©ç§æ‰¹é‡ä¸‹è½½KEGGæ•°æ®å¹¶åšæˆKEGG.dbåŒ…,http://mp.weixin.qq.com/s?__biz=MzA5NjAyMzU1OA==&mid=2247484043&idx=3&sn=71fd4f76e35dfe2ab85e327d23f97459&chksm=90b727e2a7c0aef4ea98c3294b93842aad9561072e5ab23a6939487491dc4208ff17a765f7b7#rd
æœ‰äº†å®ƒï¼Œè¶…å¤§æ–‡æœ¬æ–‡ä»¶æ‰“å¼€ä¸å†æ€•,http://mp.weixin.qq.com/s?__biz=MzA5NjAyMzU1OA==&mid=2247484043&idx=4&sn=f91dd5f5eb6d3fb1db61f76dbc145502&chksm=90b727e2a7c0aef4f6ab3bd5991dae5e02cdff7809400d0530629571b1d6401908daa457e42b#rd
ã€ŒRã€æ•°æ®æ“ä½œï¼ˆå››ï¼‰ï¼šåˆå­¦è€…å­¦ä¹ tidyverse,http://mp.weixin.qq.com/s?__biz=MzA5NjAyMzU1OA==&mid=2247483967&idx=1&sn=2ed637809a1e26a540ee1f56e9cbf0aa&chksm=90b72756a7c0ae408dfb8c7ec8aab26dfcf3fb04e6c53d6cf6ab0ad32bee07eff97eac5d33bb#rd
ã€ŒRã€æ•°æ®æ“ä½œï¼ˆä¸‰ï¼‰ï¼šé«˜æ•ˆçš„data.table,http://mp.weixin.qq.com/s?__biz=MzA5NjAyMzU1OA==&mid=2247483967&idx=2&sn=8e2ce55d425efc64c3ec454ce3523e23&chksm=90b72756a7c0ae407575786e082233a64a97f73b52ec16f8cc1d804d77e472d039a16994db11#rd
z-scoreä¼šæ”¹å˜æ•°æ®åˆ†å¸ƒå—,http://mp.weixin.qq.com/s?__biz=MzA5NjAyMzU1OA==&mid=2247483967&idx=3&sn=574b5e656028ee7848f68351021d909c&chksm=90b72756a7c0ae40910537464f025bb94c9ea1f729905d6d15d984321baf3d1325d577b87a18#rd
ä¸€é”®æ›´æ–°æ‰€æœ‰RåŒ…,http://mp.weixin.qq.com/s?__biz=MzA5NjAyMzU1OA==&mid=2247483967&idx=4&sn=c058bc334636a49605cb3943372d7572&chksm=90b72756a7c0ae4058fe7c452dfc3cca6c0adf4d2aa8b583d2c9018482f30ab9706b5476346c#rd
ã€ŒRã€ggplotifyâ€”â€”è¿æ¥å„ç±»Rå›¾å½¢,http://mp.weixin.qq.com/s?__biz=MzA5NjAyMzU1OA==&mid=2247483965&idx=1&sn=15a2e90cd3ac8c98e3c0f0b0efbc4b21&chksm=90b72754a7c0ae42f76564edef91599b808b176ab61b3815bfec5fba8023d667d6329ae6c8e6#rd
GEOæ•°æ®åº“ä¸­å›½åŒºé•œåƒæ¨ªç©ºå‡ºä¸–,http://mp.weixin.qq.com/s?__biz=MzA5NjAyMzU1OA==&mid=2247483965&idx=2&sn=2a4ffb0138ce6ed9ed8467d5d79be6ce&chksm=90b72754a7c0ae42735f68e02f3d6ff21e0b858c27a09369fdf30417692545e77dd4c6131ff1#rd
ggforce|ç»˜åˆ¶åŒºåŸŸè½®å»“-åŒºåŸŸæ”¾å¤§-å¯»æ‰¾ä½ çš„â€œonepieceâ€,http://mp.weixin.qq.com/s?__biz=MzA5NjAyMzU1OA==&mid=2247483965&idx=3&sn=30b8f1b0470f7ba9f1e18c6283f84d72&chksm=90b72754a7c0ae427f842aee52c851dd4600333eaadafb6ba8f1f8987e9d69bb4521dbd3c28b#rd
èšç±»åˆ†æä¸­çš„å¯è§†åŒ–,http://mp.weixin.qq.com/s?__biz=MzA5NjAyMzU1OA==&mid=2247483965&idx=4&sn=692905a2279d4b8a7ba9b7738e0e22dd&chksm=90b72754a7c0ae420967aa0017496775451c33acadca326a1f0a34943258b7b97b2c764cfd77#rd
å…ç–«å­¦ç¬”è®°ç¬¬02ç¯‡ï¼šBç»†èƒï¼ŒæŠ—ä½“ï¼Œä»¥åŠTç»†èƒ,http://mp.weixin.qq.com/s?__biz=MzA5NjAyMzU1OA==&mid=2247483965&idx=5&sn=a41eb6ac7918eda9a5612e02f3d0b283&chksm=90b72754a7c0ae4253495b1b794c1997138f89bacba379cf9007899022297222714bc81803e2#rd
ã€ŒRã€ç”Ÿå­˜åˆ†ææ£®æ—å›¾ç©æ³•ï¼šå˜é‡ç­›é€‰ä¸å¤šæ¨¡å‹å¯è§†åŒ–,http://mp.weixin.qq.com/s?__biz=MzA5NjAyMzU1OA==&mid=2247483961&idx=1&sn=ee3ac29a663f19a911f129f7ad16f4d0&chksm=90b72750a7c0ae46e06587bc6f1d0fbee6683cbdc622c73f7fc32dfd1f104d985578b0f89919#rd
ggimageå¼€å§‹ç”»ä¸ä¼šå˜å½¢çš„å›¾äº†ï¼,http://mp.weixin.qq.com/s?__biz=MzA5NjAyMzU1OA==&mid=2247483961&idx=2&sn=00cf043068af938c29f3d624256d98fd&chksm=90b72750a7c0ae463a42bde8a1c7a02d3a8fd0d6414283d54f6e49f64a7773b0050cd37ddbb4#rd
ç”Ÿä¿¡åŸºç¡€çŸ¥è¯†100è®²,http://mp.weixin.qq.com/s?__biz=MzA5NjAyMzU1OA==&mid=2247483961&idx=3&sn=9258dfc5ff2b4b387e1c42a30dbfe7e2&chksm=90b72750a7c0ae467ed9f0ae3f49cc88eccdb1b45fdd404bc61cc372647ec95eedadc33e2f4c#rd
ä¹æœˆå­¦å¾’è½¬å½•ç»„å­¦ä¹ æˆæœå±•ï¼ˆ3ä¸‡å­—æ€»ç»“ï¼‰ï¼ˆä¸Šç¯‡ï¼‰,http://mp.weixin.qq.com/s?__biz=MzA5NjAyMzU1OA==&mid=2247483961&idx=4&sn=631386fb5093cf233e494c39b34e5b6d&chksm=90b72750a7c0ae46dd051df19e0c7f22873a08853fafdbe1112590ef4a0040bc6b12beecd7c0#rd
ã€ŒRã€å…ƒåˆ†æï¼šè°æ›´èƒ½ä»æ²»ç–—ä¸­è·ç›Šï¼Ÿ,http://mp.weixin.qq.com/s?__biz=MzA5NjAyMzU1OA==&mid=2247483957&idx=1&sn=34f17404272c83e208443bfb5635769d&chksm=90b7275ca7c0ae4a1f12202cc663755d5eb4b7ce89771491aee66c821fa62014dd187c5a1b22#rd
4å¹´å‰çš„TCGAé‡ç£…èµ„æ–™ä½ å­¦äº†å—,http://mp.weixin.qq.com/s?__biz=MzA5NjAyMzU1OA==&mid=2247483957&idx=2&sn=3222027ee93315327656a6f3cc8d7c51&chksm=90b7275ca7c0ae4a86ff1fb4edbf82c6ac5c29a015e5e2c887b85c102d6bce58e529db3ec8f0#rd
Cellåˆæˆç”Ÿç‰©å­¦é‡å¤§æˆæœï¼šè®©ç»†èŒå˜æˆåƒæ¤ç‰©ä¸€æ ·çš„è‡ªå…»ç”Ÿç‰©,http://mp.weixin.qq.com/s?__biz=MzA5NjAyMzU1OA==&mid=2247483957&idx=3&sn=0118e00ae312150b7effd0fb97b820f1&chksm=90b7275ca7c0ae4a38b71c95e408c780bc39e3c7097bf3abd435e54e8a9a4da06747f4b4d863#rd
è‚¿ç˜¤å…ç–«åŸæ€§å¯¹å…ç–«æ²»ç–—ååº”çš„é¢„æµ‹,http://mp.weixin.qq.com/s?__biz=MzA5NjAyMzU1OA==&mid=2247483948&idx=1&sn=95e57ed857d869853c36f7f6c110f117&chksm=90b72745a7c0ae53bd9ce3d9e9dcfe11c518e58ffa133df5adb9f30a12c0d03e11e7b94f65b1#rd
ã€Šç™Œç”Ÿç‰©å­¦ã€‹ç¬¬å››ç« ï¼ˆ2ï¼‰ç»†èƒåŸç™ŒåŸºå› çš„æ¿€æ´»ã€å­¦ä¹ åˆ†äº«ã€‘,http://mp.weixin.qq.com/s?__biz=MzA5NjAyMzU1OA==&mid=2247483948&idx=2&sn=ac638cef86d1c05a5e93f53fb3b43b39&chksm=90b72745a7c0ae53085d766c7ecea94462a68faeeea3ca4852bfc5f081ed6968a67cc14a2bcd#rd
ã€ŒRã€æ•°æ®æ“ä½œï¼ˆå››ï¼‰ï¼šåˆå­¦è€…å­¦ä¹ tidyverse,http://mp.weixin.qq.com/s?__biz=MzA5NjAyMzU1OA==&mid=2247483884&idx=1&sn=b1b587ec87e2637ce7aa4e02aedaca48&chksm=90b72485a7c0ad93936ca0826b80d141b97a5586dd6a4e731bf5970d4238ae2975883eb97818#rd
ã€ŒRã€æ•°æ®æ“ä½œï¼ˆä¸‰ï¼‰ï¼šé«˜æ•ˆçš„data.table,http://mp.weixin.qq.com/s?__biz=MzA5NjAyMzU1OA==&mid=2247483884&idx=2&sn=b3b9fe1ec92d1f46d289f8bb687cddca&chksm=90b72485a7c0ad93c838a99461d4b01d136dfa9925178daeba568d65cd01952d29f4341af441#rd
z-scoreä¼šæ”¹å˜æ•°æ®åˆ†å¸ƒå—,http://mp.weixin.qq.com/s?__biz=MzA5NjAyMzU1OA==&mid=2247483884&idx=3&sn=8033f005daa4df35a4973ae9e74ab8bf&chksm=90b72485a7c0ad93d039cef9cdd923b325e406cd96b87c811133ff894ddbb0830dd43edc3738#rd
ä¸€é”®æ›´æ–°æ‰€æœ‰RåŒ…,http://mp.weixin.qq.com/s?__biz=MzA5NjAyMzU1OA==&mid=2247483884&idx=4&sn=5b0e39baf1d1521e4e6c228e5a36fa27&chksm=90b72485a7c0ad93080c1f61c3fa4cd8e602df2b20a0a887ee11f30ce40ed372ced57f79a2e8#rd
ã€ŒRã€æ•°æ®æ“ä½œï¼ˆä¸‰ï¼‰ï¼šé«˜æ•ˆçš„data.table,http://mp.weixin.qq.com/s?__biz=MzA5NjAyMzU1OA==&mid=2247483880&idx=1&sn=979fbc3c361d08a6b3dffac776bfb6e9&chksm=90b72481a7c0ad97febebdeb700b0606297ac6855065d0ee99790676518076584ec4c07a9f62#rd
ã€ŒRã€data.table åŒ…åŠŸèƒ½ç‰¹æ€§å­¦ä¹ ,http://mp.weixin.qq.com/s?__biz=MzA5NjAyMzU1OA==&mid=2247483880&idx=2&sn=f189b11c6b874114dbba2ab86279860b&chksm=90b72481a7c0ad97e2327c176a4e417c2c3161009654b675e49a607f211cbd1c15e890197fb5#rd
ã€ŒRã€æ•°æ®æ“ä½œï¼ˆä¸€ï¼‰,http://mp.weixin.qq.com/s?__biz=MzA5NjAyMzU1OA==&mid=2247483880&idx=3&sn=f3bcc64c4cdc3722e25804b76a015b3d&chksm=90b72481a7c0ad970d6c305dc38a9a03a79cc250553b25a3b4f0dfdc5d1402b1c78c76f7fabd#rd
ã€ŒRã€æ•°æ®æ“ä½œï¼ˆäºŒï¼‰,http://mp.weixin.qq.com/s?__biz=MzA5NjAyMzU1OA==&mid=2247483880&idx=4&sn=a7cd07cf7a935d17c23abe3cf1bf2076&chksm=90b72481a7c0ad97c867ec1795f546609a7c4698c6f3e63b1841458896482e8a1752b8ff0175#rd
ã€ŒRã€æ•°æ®æ“ä½œï¼ˆäºŒï¼‰,http://mp.weixin.qq.com/s?__biz=MzA5NjAyMzU1OA==&mid=2247483874&idx=1&sn=dc93a56de9d4e8cc91e8775afac128eb&chksm=90b7248ba7c0ad9dd267a9411aa8e2c0cf19dfb3dfa1f87618f16ce2472f8202eef9a1ac7091#rd
ã€ŒRã€æ•°æ®æ“ä½œï¼ˆä¸€ï¼‰,http://mp.weixin.qq.com/s?__biz=MzA5NjAyMzU1OA==&mid=2247483874&idx=2&sn=031a60e16fd2a4593ca1394b74dd8902&chksm=90b7248ba7c0ad9daf8cfeb21dc99df8d87f358fbe5069f3017c20a85f205dd89afde2651ad3#rd
DALS011-Linear Modelsçº¿æ€§æ¨¡å‹01,http://mp.weixin.qq.com/s?__biz=MzA5NjAyMzU1OA==&mid=2247483874&idx=3&sn=743fd06d1735955e669ac319dce8d363&chksm=90b7248ba7c0ad9ddf8fccfe7a2cdd70ecd8651a6e53fec9ca9a3b7caf3ecb386c81e22028fd#rd
DALS012-Linear Modelsçº¿æ€§æ¨¡å‹02çŸ©é˜µçŸ¥è¯†,http://mp.weixin.qq.com/s?__biz=MzA5NjAyMzU1OA==&mid=2247483874&idx=4&sn=beeb34ee6e533c98690bc2f776a9d6fe&chksm=90b7248ba7c0ad9dbe728812ed3fa9b97a08c95c55251da8ff7c120fc9fd31ef978fd83720d5#rd
DALS013-Linear Modelsçº¿æ€§æ¨¡å‹03æ¯”è¾ƒ(contrast)ä¸äº¤äº’é¡¹,http://mp.weixin.qq.com/s?__biz=MzA5NjAyMzU1OA==&mid=2247483874&idx=5&sn=e3575f00176ea03c0cb42bb91f798bf5&chksm=90b7248ba7c0ad9d39f6ca44dcac8f0a51277c9a3f0224993883ac196f61b055a17c37550a81#rd
ã€ŒRã€CentOS ä»æºå®‰è£… R,http://mp.weixin.qq.com/s?__biz=MzA5NjAyMzU1OA==&mid=2247483870&idx=1&sn=7c929085da3ad3a845d027b3969f3c77&chksm=90b724b7a7c0ada1e4119648e0b2c60d0ce2cf63f8bc75c02d26fcec99ee1fab4e7eb2e7d715#rd
ã€ŒRã€Ubuntu ä»æºå®‰è£… R,http://mp.weixin.qq.com/s?__biz=MzA5NjAyMzU1OA==&mid=2247483870&idx=2&sn=8b6567aac2cec8a2d915563e488ec117&chksm=90b724b7a7c0ada1212b66eb3b990b42410ef9372093d3fafcae832e9e81b9a1a128f2439779#rd
ã€ŒRã€åœ¨ RStudio Server ä¸­ä½¿ç”¨ Cascadia Code å­—ä½“,http://mp.weixin.qq.com/s?__biz=MzA5NjAyMzU1OA==&mid=2247483865&idx=1&sn=7af7d5240c91f2e68a4cbe655a49bfb9&chksm=90b724b0a7c0ada64a8a1b180262c2a214df66170979b672a4839ccf184ad565a7516fcff33d#rd
ä½¿ç”¨  Cascadia Code å­—ä½“,http://mp.weixin.qq.com/s?__biz=MzA5NjAyMzU1OA==&mid=2247483865&idx=2&sn=cf8de954e291b0f32971f4d721d6faa2&chksm=90b724b0a7c0ada675dcec3fee6e100cb8d46b25e490408d68c7d3888d56837aea9e1358b049#rd
ã€ŒRã€R çš„å®‰è£…ä¸é…ç½®,http://mp.weixin.qq.com/s?__biz=MzA5NjAyMzU1OA==&mid=2247483865&idx=3&sn=1a1ce13999d3c7e642e4763b1acf7a50&chksm=90b724b0a7c0ada6ce4a295ddccf55e3f28efbe97eae1bce4a9d0016574ee6fa649052ef5a48#rd
ã€ŒRã€Biostrings åŒ…,http://mp.weixin.qq.com/s?__biz=MzA5NjAyMzU1OA==&mid=2247483797&idx=1&sn=fd8e08363d535a53713590834a032f1a&chksm=90b724fca7c0adea6cebd6281536620cb7f9de7a2c33a8e76b43255c6104e7cb3e6f0bd9e51c#rd
æŠŠä½ ç”¨Rç”»çš„å›¾ï¼ˆbaseæˆ–ggplot2ï¼‰å˜æˆASCIIçº¯æ–‡æœ¬ï¼,http://mp.weixin.qq.com/s?__biz=MzA5NjAyMzU1OA==&mid=2247483797&idx=2&sn=aa1e67e99ec7e0b9e0210151c124fda3&chksm=90b724fca7c0adeaa725ccaf5bf4642c09d49a6fd79546924b495c342aae331711b862a40bac#rd
GNU binutils é‡Œçš„ä¹ç§æ­¦å™¨ | Linux ä¸­å›½,http://mp.weixin.qq.com/s?__biz=MzA5NjAyMzU1OA==&mid=2247483797&idx=3&sn=8f798636c08165e9795d7f8b3971ba3d&chksm=90b724fca7c0adea713671cd9cc9ddcbf1e7a7d2a59ddc1941063cad94bfc8b9a19da2f7cea0#rd
cellassignï¼šç”¨äºè‚¿ç˜¤å¾®ç¯å¢ƒåˆ†æçš„å•ç»†èƒæ³¨é‡Šå·¥å…·ï¼ˆ9æœˆNatureï¼‰,http://mp.weixin.qq.com/s?__biz=MzA5NjAyMzU1OA==&mid=2247483797&idx=4&sn=45d39fb90811cf2c6eed8de386ba3624&chksm=90b724fca7c0adeabda64df975fa1ce4c68b2370cdbf70085a8f485f4d7bdf2bf1d97b5c4a63#rd
ä¸Šç§‘å¤§éƒ‘æ°ç»„æ‹›è˜åšå£«åï¼šç”Ÿä¿¡æ–¹å‘,http://mp.weixin.qq.com/s?__biz=MzA5NjAyMzU1OA==&mid=2247483797&idx=5&sn=5b44a2b5d162f1ec0ec11cc93d56092f&chksm=90b724fca7c0adeab6573b04818216962cf6234b5f74ec7367e669c45f3f14d747cb11fb3edb#rd
å¸¸è§ç»Ÿè®¡åˆ†ææµç¨‹,http://mp.weixin.qq.com/s?__biz=MzA5NjAyMzU1OA==&mid=2247483793&idx=1&sn=2cabdc1a51d6ae6cd3260da15e3dd8c3&chksm=90b724f8a7c0adee40454e2f6276113e1462cb3f73ba665d7af12fde816af000df020432cf75#rd
ã€ŒRã€ggplot2æ•°æ®å¯è§†åŒ–,http://mp.weixin.qq.com/s?__biz=MzA5NjAyMzU1OA==&mid=2247483792&idx=1&sn=4803687a2d6bb926b4e86ac672b61258&chksm=90b724f9a7c0adef64a03669103f9da48f468d25d5fc9b5ee88a931d9db4a80d24892098617d#rd
ä»Šå¤©è¿˜æ˜¯ç«å±±å›¾~,http://mp.weixin.qq.com/s?__biz=MzA5NjAyMzU1OA==&mid=2247483792&idx=2&sn=4f5ba6e4be31d42d03eca8154c55a31c&chksm=90b724f9a7c0adeff14d2db18bd0fa6df0b2502f1de8319db7caa3e1d2a3b8c8a45ca05614ab#rd
ç›˜ä¸€ç›˜ Python ç³»åˆ— 1 - å…¥é—¨ç¯‡ (ä¸Š),http://mp.weixin.qq.com/s?__biz=MzA5NjAyMzU1OA==&mid=2247483792&idx=3&sn=d20d6f3a397d31432a965671a94a871f&chksm=90b724f9a7c0adef75d949c199a7591c3500416e7163c39e58ac1f9b0f16b205148018018d25#rd
ç›˜ä¸€ç›˜ Python ç³»åˆ— 1 - å…¥é—¨ç¯‡ (ä¸‹),http://mp.weixin.qq.com/s?__biz=MzA5NjAyMzU1OA==&mid=2247483792&idx=4&sn=63413596e05cf4181a65620939ca6765&chksm=90b724f9a7c0adefb463043d8e31a20d2a117f5c65c36b6b01ec3e7b5e2a3a4e82d1288a8249#rd
ã€ŒRã€ä½¿ç”¨forestplotç»˜åˆ¶æ£®æ—å›¾,http://mp.weixin.qq.com/s?__biz=MzA5NjAyMzU1OA==&mid=2247483785&idx=1&sn=8b1344759db31e4aeb7c79414973a825&chksm=90b724e0a7c0adf66f5397921c4a57bc543b0a72c766abdc0ec2c0fec86f56809aaa4932d21f#rd
ä¸€æ¡ç›¸è§æ¨æ™šçš„æŒ‡ä»¤,http://mp.weixin.qq.com/s?__biz=MzA5NjAyMzU1OA==&mid=2247483785&idx=2&sn=b74f69fa6353e00e1d4330c932b97e45&chksm=90b724e0a7c0adf6cca045ad734328c514b1828d0bf1e1b4b793912b2750568be5e7d4cf2d35#rd
å¾®è½¯ä¹Ÿçˆ± Pythonï¼VS Code Python å…¨æ–°å‘å¸ƒï¼Jupyter Notebook åŸç”Ÿæ”¯æŒç»ˆäºæ¥äº†ï¼,http://mp.weixin.qq.com/s?__biz=MzA5NjAyMzU1OA==&mid=2247483785&idx=3&sn=b480f998696020a72d7ec58e416d8bf9&chksm=90b724e0a7c0adf67bb76c3758950e8cea59e670d8260e45453cd538725ee0f1dff3db8d8011#rd
metID: MS2 databaseæ„å»ºåŠä»£è°¢ç‰©é‰´å®šè½¯ä»¶,http://mp.weixin.qq.com/s?__biz=MzA5NjAyMzU1OA==&mid=2247483785&idx=4&sn=47a25a2b931b99400a86f1056adf3959&chksm=90b724e0a7c0adf6b854da3822431c08256f1e31de96c08937b880d0133e355d4e929bd6458c#rd
ã€ŒRã€UCSCXenaTools v1.2.7 æ›´æ–°è¯´æ˜,http://mp.weixin.qq.com/s?__biz=MzA5NjAyMzU1OA==&mid=2247483781&idx=1&sn=a1b247d830ebafd6cb5b09cb31dfe5ff&chksm=90b724eca7c0adfa01fcd6591245af9bb9641db7d2e29fb7ecf6ddd1301519d6f9f69cff3a87#rd
ç¾ç‘ç§‘å­¦å®¶å…±è·è¯ºè´å°”ç‰©ç†å­¦å¥–ï¼,http://mp.weixin.qq.com/s?__biz=MzA5NjAyMzU1OA==&mid=2247483781&idx=2&sn=bef2f962a9887db3e2f2705de56fac9f&chksm=90b724eca7c0adfac7611896636500aea0cbb6b3550823c086d810d58435e6f96904a08e1c8a#rd
2019è¯ºè´å°”ç”Ÿç†å­¦å¥–ï¼šé¢å¯¹ç¼ºæ°§ï¼Œæ‡‚å¾—â€œåƒåœ¾åˆ†ç±»â€çš„ç»†èƒæ‰æ˜¯å¥½ç»†èƒ| ç›´å‡»è¯ºå¥–,http://mp.weixin.qq.com/s?__biz=MzA5NjAyMzU1OA==&mid=2247483781&idx=3&sn=9e09b07f654fe04ab589d10d1fcd5712&chksm=90b724eca7c0adfa54fa41a540cd4ba7171f542028dea9ba7f27112484db794486829c39e073#rd
å½“æˆ‘ä»¬è°ˆè®ºç”Ÿä¿¡çš„æ—¶å€™æˆ‘ä»¬åœ¨è°ˆä»€ä¹ˆ,http://mp.weixin.qq.com/s?__biz=MzA5NjAyMzU1OA==&mid=2247483781&idx=4&sn=bec3c9418b4887645821673338e6171a&chksm=90b724eca7c0adfae3a5fd77cdc39ee14b25a992c6bb19a3b47a59e583780864a3f5dce2dd12#rd
ç®€å•ç†è§£ä¸‹RNA-seqè¡Œäº†,http://mp.weixin.qq.com/s?__biz=MzA5NjAyMzU1OA==&mid=2247483781&idx=5&sn=9e8f59b4191aa59b727167e7e5cc2ad6&chksm=90b724eca7c0adfa0a2ca09acdff0dd931ac12b9fc355a9408f804c7cd8afc04bf1153003eb9#rd
æ¡‘åŸºå›¾ï¼ˆSankeyï¼‰çš„ç®€å•å®ç°,http://mp.weixin.qq.com/s?__biz=MzA5NjAyMzU1OA==&mid=2247483781&idx=6&sn=c109ea27a05808e52ac7832a7310efde&chksm=90b724eca7c0adfabed874e2d3bea3ae0c495a23c852814a4bef31769e2f674039883ce90f44#rd
ã€ŒRã€è§‚å¯ŸRæ˜¯å¦‚ä½•å·¥ä½œçš„,http://mp.weixin.qq.com/s?__biz=MzA5NjAyMzU1OA==&mid=2247483693&idx=1&sn=5efa78130ddba4dadc07b569ed407d41&chksm=90b72444a7c0ad523751176d2fe378ba10a5a9cb6663efd62ec758f7d880e21e54c6ce9803e0#rd
ã€ŒRã€å›å½’åˆ†æ,http://mp.weixin.qq.com/s?__biz=MzA5NjAyMzU1OA==&mid=2247483688&idx=1&sn=0ad8bddf6e16997c4259a8034bd57dc3&chksm=90b72441a7c0ad57e116f5d3155143c38f82f9bd1e59c1a796258403856879cc1a68e0b031d9#rd
æŸ±çŠ¶å›¾ä¸å¤Ÿå±•ç¤ºæˆ‘çš„æ•°æ®ä¸€æ°”ä¹‹ä¸‹æˆ‘æŠŠå®ƒæ°å¼¯äº†,http://mp.weixin.qq.com/s?__biz=MzA5NjAyMzU1OA==&mid=2247483688&idx=2&sn=ff80a817f42d6464c929b53cec1a9cbe&chksm=90b72441a7c0ad570cba8049c1421eafdec51e13cf51c457a23b63ef9774f540fd9e8b096a86#rd
18å¼ ç™Œç—‡äººä½“åœ°å›¾ï¼Œæ­ç§˜è‡´ç™ŒçœŸç›¸,http://mp.weixin.qq.com/s?__biz=MzA5NjAyMzU1OA==&mid=2247483688&idx=3&sn=8ee377b327d40c858fb3fa1d26425e45&chksm=90b72441a7c0ad5783f78b59e0c8f962fdae82ab4f0ad847d6254e62b9eac774f6984b0be90b#rd
æ³Šæ¾åˆ†å¸ƒå’ŒæŒ‡æ•°åˆ†å¸ƒï¼š10åˆ†é’Ÿæ•™ç¨‹,http://mp.weixin.qq.com/s?__biz=MzA5NjAyMzU1OA==&mid=2247483688&idx=4&sn=e1a86ed8871569ecd5e6adfece9bb3c1&chksm=90b72441a7c0ad575b1b589a551fbc9b594647054b6b33791bfdcdd6473039bc2516435a9f5b#rd
ã€ŒRã€æ•°å€¼ä¸å­—ç¬¦å¤„ç†å‡½æ•°,http://mp.weixin.qq.com/s?__biz=MzA5NjAyMzU1OA==&mid=2247483680&idx=1&sn=f8b756abefe6db5de506c910b493c534&chksm=90b72449a7c0ad5f0d167a195c290d4b0a99ebd3b8c60a5481a7d557536fd846214a98203f27#rd
ã€ŒRã€åŸºæœ¬ç»Ÿè®¡åˆ†æ,http://mp.weixin.qq.com/s?__biz=MzA5NjAyMzU1OA==&mid=2247483680&idx=2&sn=334788084f4d5b30d35894f2117a81f8&chksm=90b72449a7c0ad5f3eb3e6c0b8adeff560e9812cc2e3dfdc357d0d6757f6af584638ee0f162e#rd
ã€ŒRã€R çš„æ§åˆ¶ç»“æ„,http://mp.weixin.qq.com/s?__biz=MzA5NjAyMzU1OA==&mid=2247483680&idx=3&sn=a8d2d77c7dcc04ba3f6fc9fb57736c51&chksm=90b72449a7c0ad5fc34e8b91c950e65145526b8c056cac190ffa3758b714e3d91c18910d6cb2#rd
ã€ŒRã€R çš„å®‰è£…ä¸é…ç½®,http://mp.weixin.qq.com/s?__biz=MzA5NjAyMzU1OA==&mid=2247483680&idx=4&sn=8688b1b6f6c43ee6d0cb7c7bb18a2f6e&chksm=90b72449a7c0ad5ff0951e2b1ea472db5b5d01cb85820deb14f93bf5b5363bed6e7ffd9f84c2#rd
ã€ŒRã€åŸºæœ¬ç»Ÿè®¡åˆ†æ,http://mp.weixin.qq.com/s?__biz=MzA5NjAyMzU1OA==&mid=2247483676&idx=1&sn=0e697fe36f9ad41ea9d7f55274c349b2&chksm=90b72475a7c0ad632c9d4e619cdb33d7328de7f8146f50d9119a58b0f6bb26d32417a2e25755#rd
ç”¨NumPyå†™æ·±åº¦æ¨¡å‹ï¼Œç”¨Juliaå¯å¾®åˆ†ç¼–ç¨‹å†™å‡½æ•°ï¼Œè¿™æ˜¯WAICå¼€å‘è€…æ—¥,http://mp.weixin.qq.com/s?__biz=MzA5NjAyMzU1OA==&mid=2247483676&idx=2&sn=36d0da72373d6b1d1971b4944fb7ecf6&chksm=90b72475a7c0ad63d981c0f968cb645b615f204909fdd2c2cdf999a41df547e12d9a6a098661#rd
æœºå™¨å­¦ä¹ å®æˆ˜ | æœºå™¨å­¦ä¹ æ€§èƒ½æŒ‡æ ‡,http://mp.weixin.qq.com/s?__biz=MzA5NjAyMzU1OA==&mid=2247483676&idx=3&sn=b444b8d5ab09cda6556f094254dce23a&chksm=90b72475a7c0ad63bb9a481d6b88d6589be568c77315d6938049b7ebfbebce1cccd4d10bdb1d#rd
ã€ŒRã€R çš„åŸºæœ¬å›¾å½¢ç»˜åˆ¶,http://mp.weixin.qq.com/s?__biz=MzA5NjAyMzU1OA==&mid=2247483671&idx=1&sn=da38f67ea99b6adb27724b844affbfbf&chksm=90b7247ea7c0ad68c575fc265e9f9963d0d6d00589f568cce43e44b4758530648fafa87c8b34#rd
è½»æ¾ç»˜åˆ¶å„ç§Vennå›¾,http://mp.weixin.qq.com/s?__biz=MzA5NjAyMzU1OA==&mid=2247483671&idx=2&sn=90aa88aeff8945f6364a6d21d7753cac&chksm=90b7247ea7c0ad68b640f6cd2d35939a1ea9599dec5829a4adb83caa8e74f335176ee74b1881#rd
ggplot2é«˜æ•ˆå®ç”¨æŒ‡å— (å¯è§†åŒ–è„šæœ¬ã€å·¥å…·ã€å¥—è·¯ã€é…è‰²),http://mp.weixin.qq.com/s?__biz=MzA5NjAyMzU1OA==&mid=2247483671&idx=3&sn=666bb99839c1b6c10a1f41ca027e8980&chksm=90b7247ea7c0ad68885b2531c8541943007b4438dab5202185e52ca70ad519c019fca66ed450#rd
ä¸€åœºä¼šï¼Œä¸€åº§åŸ,http://mp.weixin.qq.com/s?__biz=MzA5NjAyMzU1OA==&mid=2247483671&idx=4&sn=4466a92de05dcc40b1ae6a9f7a332aa5&chksm=90b7247ea7c0ad68449beab52584333f429a1e4c42aa0ce854068ac326a07e8c50985cfab726#rd
æŒ–ä¸€æ¡åœ°é“ä»ç¾å›½ç›´é€šä¸­å›½ï¼Ÿ,http://mp.weixin.qq.com/s?__biz=MzA5NjAyMzU1OA==&mid=2247483671&idx=5&sn=264cd1f060bab5b4d32b1b5113e40017&chksm=90b7247ea7c0ad680a5ff1e7f8accf0ca8898ea86091d9593d52723cd035b81173c7dc08b981#rd
